country,date,willingness
Afghanistan,2020-07,75.6
Afghanistan,2020-08,74.9
Afghanistan,2020-11,78.4
Afghanistan,2020-12,71.6
Afghanistan,2021-01,69.5
Afghanistan,2021-02,74.3
Afghanistan,2021-03,67.3
Afghanistan,2021-04,68.6
Afghanistan,2021-05,71.2
Afghanistan,2021-06,78.9
Afghanistan,2021-07,85.8
Afghanistan,2021-08,82.7
Afghanistan,2021-09,88.1
Afghanistan,2021-10,76.8
Albania,2020-11,34.0
Albania,2020-12,59.9
Albania,2021-01,64.5
Albania,2021-02,68.5
Albania,2021-03,69.1
Albania,2021-04,75.0
Albania,2021-05,64.2
Albania,2021-06,76.9
Albania,2021-07,75.6
Albania,2021-08,84.9
Albania,2021-09,84.7
Albania,2021-10,83.5
Albania,2021-11,82.1
Albania,2021-12,83.8
Albania,2022-01,85.6
Albania,2022-02,85.5
Albania,2022-03,85.4
Albania,2022-04,87.8
Algeria,2020-07,49.6
Algeria,2020-08,44.5
Algeria,2020-11,42.9
Algeria,2020-12,36.6
Algeria,2021-01,35.2
Algeria,2021-02,42.6
Algeria,2021-03,43.5
Algeria,2021-04,45.1
Algeria,2021-05,36.8
Algeria,2021-06,52.3
Algeria,2021-07,65.5
Algeria,2021-08,69.9
Algeria,2021-09,71.6
Algeria,2021-10,69.3
Algeria,2021-11,68.4
Algeria,2021-12,70.0
Algeria,2022-01,68.1
Algeria,2022-02,66.0
Algeria,2022-03,63.1
Algeria,2022-04,62.0
Algeria,2022-05,61.5
Algeria,2022-06,61.7
American Samoa,2020-12,54.5
American Samoa,2021-01,58.6
American Samoa,2021-02,59.6
American Samoa,2021-03,65.2
American Samoa,2021-04,68.4
American Samoa,2021-05,66.7
American Samoa,2021-06,73.1
American Samoa,2021-07,89.1
American Samoa,2021-08,86.5
American Samoa,2021-09,84.7
American Samoa,2021-10,83.3
American Samoa,2021-11,89.6
American Samoa,2021-12,87.7
American Samoa,2022-01,88.6
American Samoa,2022-02,87.0
American Samoa,2022-03,89.2
American Samoa,2022-04,89.6
Andorra,2020-12,46.7
Andorra,2021-01,57.8
Andorra,2021-02,68.0
Andorra,2021-03,68.6
Andorra,2021-04,71.9
Andorra,2021-05,74.2
Andorra,2021-06,77.9
Andorra,2021-07,84.4
Andorra,2021-08,83.3
Andorra,2021-09,83.7
Andorra,2021-10,83.0
Andorra,2021-11,88.1
Andorra,2021-12,83.9
Andorra,2022-01,85.9
Andorra,2022-02,85.1
Andorra,2022-03,82.2
Andorra,2022-04,89.5
Angola,2020-07,60.5
Angola,2020-08,64.3
Angola,2020-11,61.8
Angola,2020-12,71.2
Angola,2021-01,71.8
Angola,2021-02,66.6
Angola,2021-03,69.8
Angola,2021-04,75.3
Angola,2021-05,81.5
Angola,2021-06,84.0
Angola,2021-07,73.6
Angola,2021-08,89.0
Angola,2021-09,94.5
Angola,2021-10,96.2
Angola,2021-11,97.0
Angola,2021-12,97.4
Angola,2022-01,96.4
Angola,2022-02,97.1
Angola,2022-03,96.9
Angola,2022-04,96.3
Anguilla,2020-12,58.8
Anguilla,2021-01,61.6
Anguilla,2021-02,53.4
Anguilla,2021-03,65.3
Anguilla,2021-04,67.8
Anguilla,2021-05,73.1
Anguilla,2021-06,52.0
Anguilla,2021-07,79.9
Anguilla,2021-08,72.1
Antigua and Barbuda,2020-12,81.6
Antigua and Barbuda,2021-01,48.5
Antigua and Barbuda,2021-02,61.9
Antigua and Barbuda,2021-03,66.4
Antigua and Barbuda,2021-04,62.5
Antigua and Barbuda,2021-05,68.0
Antigua and Barbuda,2021-06,67.0
Antigua and Barbuda,2021-07,76.1
Antigua and Barbuda,2021-08,81.9
Argentina,2020-07,73.6
Argentina,2020-08,72.2
Argentina,2020-09,68.4
Argentina,2020-10,64.7
Argentina,2020-11,66.5
Argentina,2020-12,63.4
Argentina,2021-01,63.7
Argentina,2021-02,73.9
Argentina,2021-03,80.6
Argentina,2021-04,84.8
Argentina,2021-05,87.9
Argentina,2021-06,90.3
Argentina,2021-07,93.7
Argentina,2021-08,95.1
Argentina,2021-09,95.3
Argentina,2021-10,90.7
Argentina,2021-11,95.3
Argentina,2021-12,95.4
Argentina,2022-01,96.0
Argentina,2022-02,95.3
Argentina,2022-03,95.2
Argentina,2022-04,94.9
Argentina,2022-05,95.4
Argentina,2022-06,95.3
Armenia,2020-12,42.4
Armenia,2021-01,42.5
Armenia,2021-02,41.0
Armenia,2021-03,43.9
Armenia,2021-04,45.0
Armenia,2021-05,53.8
Armenia,2021-06,51.6
Armenia,2021-07,63.8
Armenia,2021-08,64.0
Armenia,2021-09,67.3
Armenia,2021-10,70.7
Armenia,2021-11,83.9
Armenia,2021-12,84.2
Armenia,2022-01,82.2
Armenia,2022-02,80.9
Armenia,2022-03,79.2
Armenia,2022-04,69.3
Aruba,2020-12,55.3
Aruba,2021-01,60.8
Australia,2020-07,79.6
Australia,2020-08,84.0
Australia,2020-10,79.0
Australia,2020-11,68.2
Australia,2020-12,72.5
Australia,2021-01,75.2
Australia,2021-02,77.2
Australia,2021-03,78.9
Australia,2021-04,75.6
Australia,2021-05,70.9
Australia,2021-06,81.0
Australia,2021-07,80.9
Australia,2021-08,82.4
Australia,2021-09,91.0
Australia,2021-10,90.6
Australia,2021-11,92.5
Australia,2021-12,93.5
Australia,2022-01,94.2
Australia,2022-02,93.1
Australia,2022-03,92.0
Australia,2022-04,93.3
Australia,2022-05,93.3
Australia,2022-06,92.7
Austria,2020-11,62.0
Austria,2020-12,64.6
Austria,2021-01,72.0
Austria,2021-02,75.0
Austria,2021-03,76.4
Austria,2021-04,78.5
Austria,2021-05,75.4
Austria,2021-06,83.3
Austria,2021-07,83.5
Austria,2021-08,81.0
Austria,2021-09,80.6
Austria,2021-10,80.3
Austria,2021-11,83.9
Austria,2021-12,84.9
Austria,2022-01,83.2
Austria,2022-02,82.9
Austria,2022-03,83.6
Austria,2022-04,83.0
Austria,2022-05,81.9
Austria,2022-06,80.7
Azerbaijan,2020-07,29.8
Azerbaijan,2020-08,29.5
Azerbaijan,2020-11,34.3
Azerbaijan,2020-12,42.4
Azerbaijan,2021-01,41.7
Azerbaijan,2021-02,49.1
Azerbaijan,2021-03,57.8
Azerbaijan,2021-04,58.6
Azerbaijan,2021-05,64.0
Azerbaijan,2021-06,75.4
Azerbaijan,2021-07,77.8
Azerbaijan,2021-08,81.6
Azerbaijan,2021-09,85.5
Azerbaijan,2021-10,88.1
Azerbaijan,2021-11,88.4
Azerbaijan,2021-12,89.0
Azerbaijan,2022-01,88.7
Azerbaijan,2022-02,89.8
Azerbaijan,2022-03,87.1
Azerbaijan,2022-04,83.5
Bahamas,2020-12,66.8
Bahamas,2021-01,60.1
Bahamas,2021-02,71.5
Bahamas,2021-03,62.5
Bahamas,2021-04,85.2
Bahamas,2021-05,61.3
Bahamas,2021-06,81.0
Bahamas,2021-07,73.6
Bahamas,2021-08,44.4
Bahamas,2021-09,90.9
Bahamas,2021-10,84.1
Bahamas,2021-11,90.4
Bahamas,2021-12,88.9
Bahamas,2022-01,83.7
Bahamas,2022-02,88.1
Bahamas,2022-03,64.8
Bahrain,2020-11,53.0
Bahrain,2020-12,62.7
Bahrain,2021-01,65.0
Bahrain,2021-02,69.7
Bahrain,2021-03,81.8
Bahrain,2021-04,71.2
Bahrain,2021-05,71.5
Bahrain,2021-06,72.0
Bahrain,2021-07,77.0
Bahrain,2021-08,95.1
Bahrain,2021-09,89.0
Bahrain,2021-10,93.8
Bahrain,2021-11,94.1
Bahrain,2021-12,98.6
Bahrain,2022-01,89.8
Bahrain,2022-02,99.1
Bahrain,2022-03,90.3
Bangladesh,2020-07,82.6
Bangladesh,2020-08,83.1
Bangladesh,2020-09,81.8
Bangladesh,2020-10,81.8
Bangladesh,2020-11,80.9
Bangladesh,2020-12,80.6
Bangladesh,2021-01,69.9
Bangladesh,2021-02,73.4
Bangladesh,2021-03,81.9
Bangladesh,2021-04,82.1
Bangladesh,2021-05,89.9
Bangladesh,2021-06,89.4
Bangladesh,2021-07,93.6
Bangladesh,2021-08,96.9
Bangladesh,2021-09,97.2
Bangladesh,2021-10,97.8
Bangladesh,2021-11,98.3
Bangladesh,2021-12,98.6
Bangladesh,2022-01,98.7
Bangladesh,2022-02,98.9
Bangladesh,2022-03,99.5
Bangladesh,2022-04,99.1
Bangladesh,2022-05,99.0
Bangladesh,2022-06,99.0
Barbados,2021-01,47.1
Barbados,2021-04,36.9
Barbados,2021-06,73.4
Barbados,2021-07,89.1
Barbados,2021-08,77.7
Belarus,2020-12,49.5
Belarus,2021-01,42.1
Belarus,2021-02,43.2
Belarus,2021-03,44.0
Belarus,2021-04,49.2
Belarus,2021-05,53.7
Belarus,2021-06,58.9
Belarus,2021-07,62.5
Belarus,2021-08,62.1
Belarus,2021-09,62.4
Belarus,2021-10,69.9
Belarus,2021-11,73.0
Belarus,2021-12,70.5
Belarus,2022-01,70.1
Belarus,2022-02,64.6
Belarus,2022-03,61.7
Belarus,2022-04,63.7
Belarus,2022-05,62.5
Belarus,2022-06,61.7
Belgium,2020-11,53.0
Belgium,2020-12,70.1
Belgium,2021-01,76.8
Belgium,2021-02,78.6
Belgium,2021-03,81.1
Belgium,2021-04,84.0
Belgium,2021-05,83.7
Belgium,2021-06,91.0
Belgium,2021-07,91.5
Belgium,2021-08,91.8
Belgium,2021-09,90.7
Belgium,2021-10,90.6
Belgium,2021-11,91.3
Belgium,2021-12,91.2
Belgium,2022-01,90.9
Belgium,2022-02,90.0
Belgium,2022-03,90.2
Belgium,2022-04,90.2
Belgium,2022-05,89.9
Belgium,2022-06,89.0
Belize,2020-12,70.0
Belize,2021-01,76.3
Belize,2021-02,78.4
Belize,2021-03,88.8
Belize,2021-04,80.8
Belize,2021-05,76.8
Belize,2021-06,74.2
Belize,2021-07,95.6
Belize,2021-08,88.6
Belize,2021-09,87.5
Belize,2021-10,98.9
Belize,2021-11,89.5
Belize,2021-12,85.6
Belize,2022-01,92.9
Belize,2022-02,95.5
Belize,2022-03,82.6
Benin,2020-12,51.5
Benin,2021-01,50.4
Benin,2021-02,48.1
Benin,2021-03,52.1
Benin,2021-04,52.4
Benin,2021-05,50.8
Benin,2021-06,59.4
Benin,2021-07,60.3
Benin,2021-08,65.7
Benin,2021-09,62.6
Benin,2021-10,73.2
Benin,2021-11,79.2
Benin,2021-12,79.8
Benin,2022-01,85.3
Benin,2022-02,86.3
Benin,2022-03,87.2
Benin,2022-04,88.2
Bermuda,2021-01,56.6
Bermuda,2021-02,76.9
Bermuda,2021-04,83.5
Bermuda,2021-05,67.8
Bermuda,2021-06,38.1
Bermuda,2021-07,78.7
Bermuda,2021-08,94.5
Bermuda,2021-09,66.7
Bermuda,2021-11,93.5
Bermuda,2022-01,76.6
Bermuda,2022-02,93.2
Bermuda,2022-03,96.0
Bhutan,2021-01,68.6
Bhutan,2021-03,73.4
Bhutan,2021-04,69.8
Bhutan,2021-08,89.3
Bolivia,2020-07,79.4
Bolivia,2020-08,77.1
Bolivia,2020-11,64.1
Bolivia,2020-12,71.3
Bolivia,2021-01,69.1
Bolivia,2021-02,74.8
Bolivia,2021-03,75.8
Bolivia,2021-04,77.4
Bolivia,2021-05,79.4
Bolivia,2021-06,85.6
Bolivia,2021-07,91.0
Bolivia,2021-08,93.0
Bolivia,2021-09,93.6
Bolivia,2021-10,93.5
Bolivia,2021-11,93.0
Bolivia,2021-12,93.7
Bolivia,2022-01,94.4
Bolivia,2022-02,93.8
Bolivia,2022-03,93.4
Bolivia,2022-04,93.9
Bolivia,2022-05,93.7
Bolivia,2022-06,93.2
Bosnia and Herzegovina,2020-12,42.8
Bosnia and Herzegovina,2021-01,58.4
Bosnia and Herzegovina,2021-02,60.3
Bosnia and Herzegovina,2021-03,66.3
Bosnia and Herzegovina,2021-04,70.8
Bosnia and Herzegovina,2021-05,74.2
Bosnia and Herzegovina,2021-06,73.9
Bosnia and Herzegovina,2021-07,78.7
Bosnia and Herzegovina,2021-08,76.5
Bosnia and Herzegovina,2021-09,77.5
Bosnia and Herzegovina,2021-10,76.0
Bosnia and Herzegovina,2021-11,76.4
Bosnia and Herzegovina,2021-12,77.7
Bosnia and Herzegovina,2022-01,77.1
Bosnia and Herzegovina,2022-02,73.9
Bosnia and Herzegovina,2022-03,71.9
Bosnia and Herzegovina,2022-04,70.7
Botswana,2021-01,42.0
Botswana,2021-02,46.6
Botswana,2021-03,71.1
Botswana,2021-05,81.1
Botswana,2021-06,63.5
Botswana,2021-07,78.5
Botswana,2021-08,84.5
Botswana,2021-09,88.4
Botswana,2021-10,57.6
Botswana,2021-11,78.9
Botswana,2021-12,60.0
Botswana,2022-01,45.0
Botswana,2022-02,86.9
Brazil,2020-06,85.4
Brazil,2020-07,85.8
Brazil,2020-08,86.3
Brazil,2020-09,80.5
Brazil,2020-10,77.7
Brazil,2020-11,75.3
Brazil,2020-12,71.9
Brazil,2021-01,81.2
Brazil,2021-02,84.4
Brazil,2021-03,88.1
Brazil,2021-04,90.9
Brazil,2021-05,92.5
Brazil,2021-06,93.6
Brazil,2021-07,95.4
Brazil,2021-08,94.5
Brazil,2021-09,96.7
Brazil,2021-10,96.9
Brazil,2021-11,96.6
Brazil,2021-12,96.4
Brazil,2022-01,96.4
Brazil,2022-02,95.9
Brazil,2022-03,95.7
Brazil,2022-04,95.6
Brazil,2022-05,95.7
Brazil,2022-06,96.2
Brunei Darussalam,2021-01,47.2
Brunei Darussalam,2021-02,78.2
Brunei Darussalam,2021-04,70.3
Brunei Darussalam,2021-05,85.3
Brunei Darussalam,2021-07,80.6
Brunei Darussalam,2021-08,74.1
Bulgaria,2020-12,39.9
Bulgaria,2021-01,49.2
Bulgaria,2021-02,52.6
Bulgaria,2021-03,54.4
Bulgaria,2021-04,54.3
Bulgaria,2021-05,53.4
Bulgaria,2021-06,60.9
Bulgaria,2021-07,47.8
Bulgaria,2021-08,61.7
Bulgaria,2021-09,63.2
Bulgaria,2021-10,63.6
Bulgaria,2021-11,68.0
Bulgaria,2021-12,68.1
Bulgaria,2022-01,66.4
Bulgaria,2022-02,62.6
Bulgaria,2022-03,61.6
Bulgaria,2022-04,63.0
Bulgaria,2022-05,63.3
Bulgaria,2022-06,63.4
Burkina Faso,2020-11,86.0
Burkina Faso,2020-12,66.6
Burkina Faso,2021-01,46.5
Burkina Faso,2021-02,48.4
Burkina Faso,2021-03,52.9
Burkina Faso,2021-04,42.8
Burkina Faso,2021-05,53.4
Burkina Faso,2021-06,66.5
Burkina Faso,2021-07,58.6
Burkina Faso,2021-08,68.1
Burkina Faso,2021-09,70.2
Burkina Faso,2021-10,63.5
Burkina Faso,2021-11,58.0
Burkina Faso,2021-12,75.2
Burkina Faso,2022-01,72.5
Burkina Faso,2022-02,69.0
Burkina Faso,2022-03,73.7
Burkina Faso,2022-04,58.3
Burundi,2021-01,46.5
Burundi,2021-03,63.6
Burundi,2021-04,52.8
Burundi,2021-07,66.4
Cabo Verde,2021-01,67.5
Cambodia,2020-07,76.0
Cambodia,2020-08,77.5
Cambodia,2020-11,74.3
Cambodia,2020-12,77.8
Cambodia,2021-01,74.5
Cambodia,2021-02,73.1
Cambodia,2021-03,82.9
Cambodia,2021-04,91.0
Cambodia,2021-05,92.3
Cambodia,2021-06,94.6
Cambodia,2021-07,96.3
Cambodia,2021-08,96.0
Cambodia,2021-09,97.3
Cambodia,2021-10,97.2
Cambodia,2021-11,97.9
Cambodia,2021-12,98.1
Cambodia,2022-01,98.3
Cambodia,2022-02,98.8
Cambodia,2022-03,98.6
Cambodia,2022-04,97.8
Cameroon,2020-07,34.4
Cameroon,2020-08,25.2
Cameroon,2020-11,38.3
Cameroon,2020-12,37.1
Cameroon,2021-01,39.8
Cameroon,2021-02,37.1
Cameroon,2021-03,36.2
Cameroon,2021-04,40.8
Cameroon,2021-05,44.9
Cameroon,2021-06,47.7
Cameroon,2021-07,49.7
Cameroon,2021-08,53.7
Cameroon,2021-09,49.7
Cameroon,2021-10,56.3
Cameroon,2021-11,56.3
Cameroon,2021-12,61.0
Cameroon,2022-01,58.6
Cameroon,2022-02,58.0
Cameroon,2022-03,55.4
Cameroon,2022-04,54.3
Canada,2020-05,80.0
Canada,2020-06,68.7
Canada,2020-07,67.9
Canada,2020-08,70.0
Canada,2020-10,76.0
Canada,2020-11,69.7
Canada,2020-12,78.0
Canada,2021-01,74.7
Canada,2021-02,73.4
Canada,2021-03,82.7
Canada,2021-04,85.2
Canada,2021-05,88.7
Canada,2021-06,89.8
Canada,2021-07,91.0
Canada,2021-08,87.1
Canada,2021-09,89.9
Canada,2021-10,90.4
Canada,2021-11,90.5
Canada,2021-12,91.8
Canada,2022-01,92.4
Canada,2022-02,90.6
Canada,2022-03,90.7
Canada,2022-04,91.2
Canada,2022-05,91.0
Canada,2022-06,90.2
Central African Republic,2021-01,55.3
Central African Republic,2021-04,48.0
Central African Republic,2021-11,69.0
Chad,2021-01,39.7
Chad,2021-02,91.2
Chad,2021-03,93.0
Chad,2021-06,69.0
Chad,2021-07,83.1
Chad,2021-08,94.1
Chad,2022-03,36.0
Chile,2020-07,68.4
Chile,2020-08,65.4
Chile,2020-11,64.5
Chile,2020-12,73.1
Chile,2021-01,66.6
Chile,2021-02,83.7
Chile,2021-03,88.0
Chile,2021-04,89.8
Chile,2021-05,93.1
Chile,2021-06,96.0
Chile,2021-07,96.5
Chile,2021-08,96.6
Chile,2021-09,96.6
Chile,2021-10,96.4
Chile,2021-11,96.4
Chile,2021-12,96.6
Chile,2022-01,96.9
Chile,2022-02,97.1
Chile,2022-03,96.7
Chile,2022-04,96.2
Chile,2022-05,96.6
Chile,2022-06,96.2
China,2020-03,91.3
China,2020-05,83.5
China,2020-06,88.6
China,2020-08,83.4
China,2020-10,85.0
China,2020-11,82.5
China,2020-12,61.0
China,2021-01,85.0
China,2021-02,82.0
China,2021-03,78.8
China,2021-08,98.0
Colombia,2020-07,73.5
Colombia,2020-08,74.1
Colombia,2020-09,69.0
Colombia,2020-10,65.3
Colombia,2020-11,64.2
Colombia,2020-12,68.1
Colombia,2021-01,68.7
Colombia,2021-02,73.6
Colombia,2021-03,77.1
Colombia,2021-04,82.9
Colombia,2021-05,86.6
Colombia,2021-06,89.4
Colombia,2021-07,92.8
Colombia,2021-08,94.6
Colombia,2021-09,94.9
Colombia,2021-10,93.8
Colombia,2021-11,95.4
Colombia,2021-12,95.5
Colombia,2022-01,96.0
Colombia,2022-02,95.4
Colombia,2022-03,95.2
Colombia,2022-04,95.3
Colombia,2022-05,95.5
Colombia,2022-06,95.1
Congo,2020-12,68.1
Congo,2021-01,26.5
Congo,2021-02,16.2
Congo,2021-03,55.4
Congo,2021-04,37.9
Congo,2021-05,27.8
Congo,2021-06,51.0
Congo,2021-07,38.3
Congo,2021-08,39.7
Congo,2021-09,65.2
Congo,2021-11,56.9
Costa Rica,2020-12,82.7
Costa Rica,2021-01,83.4
Costa Rica,2021-02,78.8
Costa Rica,2021-03,84.0
Costa Rica,2021-04,84.8
Costa Rica,2021-05,88.1
Costa Rica,2021-06,89.9
Costa Rica,2021-07,93.3
Costa Rica,2021-08,94.3
Costa Rica,2021-09,94.6
Costa Rica,2021-10,95.1
Costa Rica,2021-11,94.8
Costa Rica,2021-12,95.9
Costa Rica,2022-01,96.2
Costa Rica,2022-02,95.7
Costa Rica,2022-03,95.7
Costa Rica,2022-04,96.1
Côte d'Ivoire,2020-07,50.0
Côte d'Ivoire,2020-08,53.1
Côte d'Ivoire,2020-11,59.3
Côte d'Ivoire,2020-12,50.6
Côte d'Ivoire,2021-01,49.6
Côte d'Ivoire,2021-02,55.3
Côte d'Ivoire,2021-03,54.9
Côte d'Ivoire,2021-04,47.9
Côte d'Ivoire,2021-05,63.1
Côte d'Ivoire,2021-06,68.8
Côte d'Ivoire,2021-07,74.0
Côte d'Ivoire,2021-08,72.4
Côte d'Ivoire,2021-09,75.4
Côte d'Ivoire,2021-10,81.8
Côte d'Ivoire,2021-11,84.8
Côte d'Ivoire,2021-12,85.4
Côte d'Ivoire,2022-01,84.5
Côte d'Ivoire,2022-02,85.7
Côte d'Ivoire,2022-03,81.7
Côte d'Ivoire,2022-04,83.1
Côte d'Ivoire,2022-05,77.0
Côte d'Ivoire,2022-06,81.4
Croatia,2020-11,41.0
Croatia,2020-12,58.0
Croatia,2021-01,51.5
Croatia,2021-02,63.5
Croatia,2021-03,65.8
Croatia,2021-04,67.6
Croatia,2021-05,69.8
Croatia,2021-06,76.2
Croatia,2021-07,75.9
Croatia,2021-08,76.8
Croatia,2021-09,74.9
Croatia,2021-10,73.6
Croatia,2021-11,75.0
Croatia,2021-12,76.1
Croatia,2022-01,76.1
Croatia,2022-02,74.9
Croatia,2022-03,73.7
Croatia,2022-04,72.6
Croatia,2022-05,71.6
Croatia,2022-06,72.8
Cyprus,2020-12,42.9
Cyprus,2021-01,69.2
Cyprus,2021-02,55.0
Cyprus,2021-03,46.7
Cyprus,2021-04,76.5
Cyprus,2021-05,64.9
Cyprus,2021-06,89.4
Cyprus,2021-07,84.8
Cyprus,2021-08,91.6
Cyprus,2021-09,90.9
Cyprus,2021-10,91.1
Cyprus,2021-11,94.1
Cyprus,2021-12,65.7
Cyprus,2022-01,88.5
Cyprus,2022-02,97.1
Cyprus,2022-03,96.3
Czech Republic,2020-12,49.4
Czech Republic,2021-01,67.9
Czech Republic,2021-02,68.2
Czech Republic,2021-03,74.1
Czech Republic,2021-04,75.8
Czech Republic,2021-05,74.4
Czech Republic,2021-06,82.6
Czech Republic,2021-07,83.7
Czech Republic,2021-08,82.7
Czech Republic,2021-09,81.7
Czech Republic,2021-10,82.1
Czech Republic,2021-11,83.1
Czech Republic,2021-12,83.2
Czech Republic,2022-01,83.0
Czech Republic,2022-02,81.7
Czech Republic,2022-03,80.6
Czech Republic,2022-04,79.9
Czech Republic,2022-05,79.4
Czech Republic,2022-06,79.0
Democratic Republic of the Congo,2020-10,59.0
Democratic Republic of the Congo,2020-11,46.0
Democratic Republic of the Congo,2020-12,40.6
Democratic Republic of the Congo,2021-01,44.4
Democratic Republic of the Congo,2021-02,46.0
Democratic Republic of the Congo,2021-03,38.6
Democratic Republic of the Congo,2021-04,37.9
Democratic Republic of the Congo,2021-05,44.3
Democratic Republic of the Congo,2021-06,51.4
Democratic Republic of the Congo,2021-07,51.2
Democratic Republic of the Congo,2021-08,56.2
Democratic Republic of the Congo,2021-09,53.7
Democratic Republic of the Congo,2021-10,63.7
Democratic Republic of the Congo,2021-11,64.4
Democratic Republic of the Congo,2021-12,66.9
Democratic Republic of the Congo,2022-01,65.9
Democratic Republic of the Congo,2022-02,66.3
Democratic Republic of the Congo,2022-03,64.8
Democratic Republic of the Congo,2022-04,60.2
Denmark,2020-04,80.0
Denmark,2020-11,79.7
Denmark,2020-12,78.8
Denmark,2021-01,85.6
Denmark,2021-02,86.5
Denmark,2021-03,85.6
Denmark,2021-04,87.6
Denmark,2021-05,87.4
Denmark,2021-06,91.0
Denmark,2021-07,92.8
Denmark,2021-08,93.0
Denmark,2021-09,92.6
Denmark,2021-10,92.4
Denmark,2021-11,93.0
Denmark,2021-12,93.6
Denmark,2022-01,93.5
Denmark,2022-02,93.5
Denmark,2022-03,93.5
Denmark,2022-04,92.8
Djibouti,2021-02,73.0
Dominica,2020-12,68.2
Dominica,2021-01,55.1
Dominica,2021-02,57.4
Dominica,2021-03,70.9
Dominica,2021-04,50.6
Dominica,2021-05,43.8
Dominica,2021-06,79.1
Dominica,2021-07,68.8
Dominica,2021-08,75.7
Dominica,2021-09,92.6
Dominica,2021-10,82.9
Dominica,2021-12,97.0
Dominica,2022-01,85.5
Dominica,2022-02,97.5
Dominica,2022-03,92.1
Dominican Republic,2020-11,65.0
Dominican Republic,2020-12,60.1
Dominican Republic,2021-01,63.5
Dominican Republic,2021-02,70.6
Dominican Republic,2021-03,82.2
Dominican Republic,2021-04,81.6
Dominican Republic,2021-05,86.8
Dominican Republic,2021-06,94.2
Dominican Republic,2021-07,94.1
Dominican Republic,2021-08,93.2
Dominican Republic,2021-09,93.8
Dominican Republic,2021-10,93.6
Dominican Republic,2021-11,95.3
Dominican Republic,2021-12,95.8
Dominican Republic,2022-01,95.9
Dominican Republic,2022-02,94.8
Dominican Republic,2022-03,93.1
Dominican Republic,2022-04,94.6
Ecuador,2020-04,97.0
Ecuador,2020-06,71.9
Ecuador,2020-07,83.4
Ecuador,2020-08,79.5
Ecuador,2020-11,73.0
Ecuador,2020-12,70.7
Ecuador,2021-01,67.3
Ecuador,2021-02,72.7
Ecuador,2021-03,78.1
Ecuador,2021-04,80.0
Ecuador,2021-05,83.3
Ecuador,2021-06,90.0
Ecuador,2021-07,95.1
Ecuador,2021-08,96.9
Ecuador,2021-09,97.0
Ecuador,2021-10,96.5
Ecuador,2021-11,96.3
Ecuador,2021-12,96.7
Ecuador,2022-01,96.7
Ecuador,2022-02,96.8
Ecuador,2022-03,96.3
Ecuador,2022-04,96.0
Egypt,2020-07,68.5
Egypt,2020-08,67.8
Egypt,2020-09,66.3
Egypt,2020-10,62.8
Egypt,2020-11,64.9
Egypt,2020-12,65.3
Egypt,2021-01,54.1
Egypt,2021-02,60.6
Egypt,2021-03,53.1
Egypt,2021-04,61.5
Egypt,2021-05,76.1
Egypt,2021-06,77.9
Egypt,2021-07,76.3
Egypt,2021-08,79.3
Egypt,2021-09,82.9
Egypt,2021-10,86.4
Egypt,2021-11,86.6
Egypt,2021-12,88.8
Egypt,2022-01,88.2
Egypt,2022-02,87.8
Egypt,2022-03,87.4
Egypt,2022-04,87.5
Egypt,2022-05,86.8
Egypt,2022-06,85.7
El Salvador,2020-12,76.6
El Salvador,2021-01,78.1
El Salvador,2021-02,80.9
El Salvador,2021-03,83.4
El Salvador,2021-04,90.4
El Salvador,2021-05,92.5
El Salvador,2021-06,92.2
El Salvador,2021-07,94.8
El Salvador,2021-08,97.0
El Salvador,2021-09,96.7
El Salvador,2021-10,96.4
El Salvador,2021-11,96.4
El Salvador,2021-12,96.2
El Salvador,2022-01,96.8
El Salvador,2022-02,95.2
El Salvador,2022-03,96.0
El Salvador,2022-04,95.2
Eritrea,2021-01,65.3
Estonia,2020-07,47.7
Estonia,2020-08,49.8
Estonia,2020-11,50.1
Estonia,2020-12,50.0
Estonia,2021-01,71.7
Estonia,2021-02,63.2
Estonia,2021-03,56.1
Estonia,2021-04,71.1
Estonia,2021-05,74.6
Estonia,2021-06,82.6
Estonia,2021-07,85.6
Estonia,2021-08,51.8
Estonia,2021-09,61.8
Estonia,2021-10,89.7
Estonia,2021-11,82.7
Estonia,2021-12,85.5
Estonia,2022-01,87.1
Estonia,2022-02,92.8
Estonia,2022-03,53.5
Eswatini,2021-01,61.7
Eswatini,2021-03,45.0
Eswatini,2021-06,45.0
Eswatini,2022-02,51.0
Ethiopia,2020-09,97.3
Ethiopia,2020-10,94.7
Ethiopia,2020-12,84.3
Ethiopia,2021-01,76.1
Ethiopia,2021-02,80.6
Ethiopia,2021-03,74.0
Ethiopia,2021-04,69.3
Ethiopia,2021-05,74.8
Ethiopia,2021-06,74.6
Ethiopia,2021-07,74.6
Ethiopia,2021-08,73.7
Ethiopia,2021-09,78.4
Ethiopia,2021-10,78.0
Ethiopia,2021-11,70.9
Ethiopia,2021-12,80.0
Ethiopia,2022-01,76.9
Ethiopia,2022-02,73.1
Ethiopia,2022-03,77.0
Ethiopia,2022-04,74.1
Ethiopia,2022-05,73.9
Ethiopia,2022-06,71.9
Fiji,2021-01,67.3
Fiji,2021-07,76.2
Finland,2020-10,61.0
Finland,2020-11,81.0
Finland,2020-12,66.5
Finland,2021-01,77.0
Finland,2021-02,78.8
Finland,2021-03,79.4
Finland,2021-04,80.8
Finland,2021-05,81.9
Finland,2021-06,86.1
Finland,2021-07,87.4
Finland,2021-08,88.6
Finland,2021-09,88.5
Finland,2021-10,88.8
Finland,2021-11,89.8
Finland,2021-12,90.3
Finland,2022-01,90.9
Finland,2022-02,90.8
Finland,2022-03,89.6
Finland,2022-04,89.4
France,2020-04,71.9
France,2020-06,58.9
France,2020-07,48.2
France,2020-08,50.6
France,2020-09,42.9
France,2020-10,46.4
France,2020-11,44.0
France,2020-12,40.7
France,2021-01,54.3
France,2021-02,57.3
France,2021-03,60.8
France,2021-04,67.4
France,2021-05,73.1
France,2021-06,78.9
France,2021-07,83.2
France,2021-08,85.2
France,2021-09,86.5
France,2021-10,86.1
France,2021-11,87.1
France,2021-12,87.3
France,2022-01,87.0
France,2022-02,87.1
France,2022-03,87.4
France,2022-04,87.9
France,2022-05,86.4
France,2022-06,87.1
French Guyana,2021-01,72.9
French Guyana,2021-03,77.9
French Guyana,2021-05,86.6
French Guyana,2021-08,90.2
Gabon,2020-12,53.5
Gabon,2021-01,35.4
Gabon,2021-03,66.0
Gabon,2021-04,48.7
Gabon,2021-08,85.3
Gabon,2021-09,81.1
Gabon,2021-11,81.1
Gambia,2020-12,64.5
Gambia,2021-04,54.6
Gambia,2021-08,66.9
Georgia,2020-07,40.5
Georgia,2020-08,37.5
Georgia,2020-11,50.2
Georgia,2020-12,56.0
Georgia,2021-01,49.2
Georgia,2021-02,49.5
Georgia,2021-03,40.0
Georgia,2021-04,62.6
Georgia,2021-05,59.3
Georgia,2021-06,54.5
Georgia,2021-07,80.7
Georgia,2021-08,66.2
Georgia,2021-09,76.3
Georgia,2021-10,64.9
Georgia,2021-11,88.0
Georgia,2021-12,92.0
Georgia,2022-01,87.2
Georgia,2022-02,95.2
Georgia,2022-03,82.2
Georgia,2022-04,92.7
Germany,2020-04,70.0
Germany,2020-06,68.4
Germany,2020-07,56.8
Germany,2020-08,61.9
Germany,2020-09,56.2
Germany,2020-10,61.9
Germany,2020-11,58.4
Germany,2020-12,59.9
Germany,2021-01,67.5
Germany,2021-02,70.7
Germany,2021-03,73.8
Germany,2021-04,75.9
Germany,2021-05,81.8
Germany,2021-06,82.7
Germany,2021-07,84.6
Germany,2021-08,83.3
Germany,2021-09,85.2
Germany,2021-10,85.5
Germany,2021-11,87.2
Germany,2021-12,88.3
Germany,2022-01,89.0
Germany,2022-02,88.0
Germany,2022-03,87.5
Germany,2022-04,86.7
Germany,2022-05,87.4
Germany,2022-06,89.6
Ghana,2020-07,52.7
Ghana,2020-08,52.5
Ghana,2020-11,61.8
Ghana,2020-12,58.8
Ghana,2021-01,58.1
Ghana,2021-02,59.8
Ghana,2021-03,79.6
Ghana,2021-04,80.5
Ghana,2021-05,83.1
Ghana,2021-06,83.7
Ghana,2021-07,81.5
Ghana,2021-08,82.9
Ghana,2021-09,77.8
Ghana,2021-10,86.1
Ghana,2021-11,87.9
Ghana,2021-12,90.5
Ghana,2022-01,89.8
Ghana,2022-02,88.2
Ghana,2022-03,87.5
Ghana,2022-04,88.8
Ghana,2022-05,89.0
Ghana,2022-06,90.7
Greece,2020-11,48.0
Greece,2020-12,70.7
Greece,2021-01,75.0
Greece,2021-02,78.0
Greece,2021-03,80.7
Greece,2021-04,82.8
Greece,2021-05,80.2
Greece,2021-06,87.8
Greece,2021-07,88.3
Greece,2021-08,87.9
Greece,2021-09,87.8
Greece,2021-10,88.2
Greece,2021-11,90.1
Greece,2021-12,91.3
Greece,2022-01,91.5
Greece,2022-02,89.4
Greece,2022-03,89.4
Greece,2022-04,88.6
Greece,2022-05,87.7
Greece,2022-06,87.9
Greenland,2021-01,76.7
Guadeloupe,2021-01,55.2
Guadeloupe,2021-02,67.9
Guadeloupe,2021-03,80.7
Guadeloupe,2021-04,79.0
Guadeloupe,2021-05,74.9
Guadeloupe,2021-06,73.4
Guadeloupe,2021-07,86.3
Guadeloupe,2021-08,86.3
Guatemala,2020-07,79.9
Guatemala,2020-08,78.9
Guatemala,2020-11,70.8
Guatemala,2020-12,74.4
Guatemala,2021-01,77.0
Guatemala,2021-02,76.8
Guatemala,2021-03,77.9
Guatemala,2021-04,78.5
Guatemala,2021-05,82.6
Guatemala,2021-06,78.5
Guatemala,2021-07,91.1
Guatemala,2021-08,93.3
Guatemala,2021-09,94.2
Guatemala,2021-10,90.4
Guatemala,2021-11,95.2
Guatemala,2021-12,95.7
Guatemala,2022-01,95.2
Guatemala,2022-02,95.8
Guatemala,2022-03,95.1
Guatemala,2022-04,94.8
Guatemala,2022-05,95.1
Guatemala,2022-06,95.2
Guinea,2020-11,79.8
Guinea,2020-12,62.7
Guinea,2021-01,65.6
Guinea,2021-02,76.8
Guinea,2021-03,80.1
Guinea,2021-04,77.4
Guinea,2021-05,83.8
Guinea,2021-06,89.0
Guinea,2021-07,90.2
Guinea,2021-08,93.2
Guinea,2021-09,93.0
Guinea,2021-10,92.7
Guinea,2021-11,90.9
Guinea,2021-12,95.2
Guinea,2022-01,94.3
Guinea,2022-02,92.7
Guinea,2022-03,93.5
Guinea,2022-04,97.9
Guyana,2021-06,80.0
Haiti,2020-12,40.6
Haiti,2021-01,39.9
Haiti,2021-02,40.8
Haiti,2021-03,42.4
Haiti,2021-04,36.2
Haiti,2021-05,40.0
Haiti,2021-06,46.7
Haiti,2021-07,48.3
Haiti,2021-08,59.2
Haiti,2021-09,63.0
Haiti,2021-10,68.6
Haiti,2021-11,69.3
Haiti,2021-12,70.5
Haiti,2022-01,62.4
Haiti,2022-02,68.0
Haiti,2022-03,52.8
Haiti,2022-04,66.3
Honduras,2020-07,75.1
Honduras,2020-08,76.1
Honduras,2020-10,66.5
Honduras,2020-11,68.5
Honduras,2020-12,73.4
Honduras,2021-01,78.3
Honduras,2021-02,81.1
Honduras,2021-03,83.1
Honduras,2021-04,69.2
Honduras,2021-05,87.6
Honduras,2021-06,91.5
Honduras,2021-07,90.1
Honduras,2021-08,94.6
Honduras,2021-09,96.5
Honduras,2021-10,96.6
Honduras,2021-11,97.0
Honduras,2021-12,97.4
Honduras,2022-01,96.9
Honduras,2022-02,97.2
Honduras,2022-03,96.8
Honduras,2022-04,96.5
Honduras,2022-05,96.6
Honduras,2022-06,96.9
"Hong Kong SAR, China",2020-02,38.6
"Hong Kong SAR, China",2020-09,43.7
"Hong Kong SAR, China",2020-11,74.0
"Hong Kong SAR, China",2020-12,55.8
"Hong Kong SAR, China",2021-01,49.2
"Hong Kong SAR, China",2021-02,50.2
"Hong Kong SAR, China",2021-03,49.2
"Hong Kong SAR, China",2021-04,51.2
"Hong Kong SAR, China",2021-05,54.0
"Hong Kong SAR, China",2021-06,66.7
"Hong Kong SAR, China",2021-07,76.6
"Hong Kong SAR, China",2021-08,80.8
"Hong Kong SAR, China",2021-09,82.8
"Hong Kong SAR, China",2021-10,82.5
"Hong Kong SAR, China",2021-11,83.9
"Hong Kong SAR, China",2021-12,84.0
"Hong Kong SAR, China",2022-01,87.3
"Hong Kong SAR, China",2022-02,93.6
"Hong Kong SAR, China",2022-03,93.2
"Hong Kong SAR, China",2022-04,92.9
Hungary,2020-12,40.7
Hungary,2021-01,68.3
Hungary,2021-02,74.0
Hungary,2021-03,79.2
Hungary,2021-04,83.5
Hungary,2021-05,79.1
Hungary,2021-06,85.0
Hungary,2021-07,84.7
Hungary,2021-08,83.3
Hungary,2021-09,84.3
Hungary,2021-10,84.9
Hungary,2021-11,84.6
Hungary,2021-12,84.8
Hungary,2022-01,84.1
Hungary,2022-02,83.9
Hungary,2022-03,82.3
Hungary,2022-04,82.8
Hungary,2022-05,82.6
Hungary,2022-06,82.6
Iceland,2020-12,85.0
Iceland,2021-01,69.7
Iceland,2021-03,83.4
Iceland,2021-04,71.0
Iceland,2021-07,82.6
Iceland,2021-08,90.5
Iceland,2021-09,91.0
India,2020-06,74.5
India,2020-07,76.2
India,2020-08,84.4
India,2020-09,74.6
India,2020-10,80.4
India,2020-11,72.9
India,2020-12,78.2
India,2021-01,68.0
India,2021-02,69.2
India,2021-03,76.3
India,2021-04,79.1
India,2021-05,85.1
India,2021-06,87.1
India,2021-07,93.6
India,2021-08,95.2
India,2021-09,97.4
India,2021-10,97.5
India,2021-11,97.9
India,2021-12,98.1
India,2022-01,98.3
India,2022-02,98.0
India,2022-03,98.3
India,2022-04,98.1
India,2022-05,97.8
India,2022-06,97.8
Indonesia,2020-07,55.1
Indonesia,2020-08,52.7
Indonesia,2020-09,59.6
Indonesia,2020-10,50.1
Indonesia,2020-11,69.8
Indonesia,2020-12,60.8
Indonesia,2021-01,61.6
Indonesia,2021-02,68.8
Indonesia,2021-03,76.3
Indonesia,2021-04,77.9
Indonesia,2021-05,74.4
Indonesia,2021-06,79.9
Indonesia,2021-07,85.3
Indonesia,2021-08,88.9
Indonesia,2021-09,91.7
Indonesia,2021-10,93.3
Indonesia,2021-11,95.1
Indonesia,2021-12,95.7
Indonesia,2022-01,95.0
Indonesia,2022-02,95.3
Indonesia,2022-03,95.2
Indonesia,2022-04,95.4
Indonesia,2022-05,96.7
Indonesia,2022-06,95.7
Iran,2020-04,73.2
Iran,2020-11,76.0
Iran,2021-07,78.2
Iraq,2020-07,72.4
Iraq,2020-08,74.0
Iraq,2020-11,62.0
Iraq,2020-12,60.6
Iraq,2021-01,54.7
Iraq,2021-02,47.4
Iraq,2021-03,39.4
Iraq,2021-04,50.5
Iraq,2021-05,75.3
Iraq,2021-06,62.8
Iraq,2021-07,69.5
Iraq,2021-08,80.1
Iraq,2021-09,83.3
Iraq,2021-10,83.7
Iraq,2021-11,85.4
Iraq,2021-12,85.6
Iraq,2022-01,85.0
Iraq,2022-02,85.6
Iraq,2022-03,84.3
Iraq,2022-04,84.2
Iraq,2022-05,83.2
Iraq,2022-06,82.9
Ireland,2020-11,71.0
Ireland,2020-12,81.1
Ireland,2021-01,86.0
Ireland,2021-02,87.5
Ireland,2021-03,88.7
Ireland,2021-04,77.1
Ireland,2021-05,89.2
Ireland,2021-06,92.0
Ireland,2021-07,93.3
Ireland,2021-08,93.5
Ireland,2021-09,92.3
Ireland,2021-10,90.8
Ireland,2021-11,93.1
Ireland,2021-12,92.6
Ireland,2022-01,92.2
Ireland,2022-02,92.0
Ireland,2022-03,92.5
Ireland,2022-04,93.0
Israel,2020-11,39.7
Israel,2020-12,68.4
Israel,2021-01,81.7
Israel,2021-02,89.3
Israel,2021-03,92.8
Israel,2021-04,93.0
Israel,2021-05,93.0
Israel,2021-06,91.5
Israel,2021-07,92.2
Israel,2021-08,92.8
Israel,2021-09,93.2
Israel,2021-10,92.1
Israel,2021-11,92.4
Israel,2021-12,93.2
Israel,2022-01,92.7
Israel,2022-02,91.9
Israel,2022-03,92.0
Israel,2022-04,91.7
Italy,2020-04,77.3
Italy,2020-06,70.8
Italy,2020-07,64.3
Italy,2020-08,65.0
Italy,2020-09,57.3
Italy,2020-10,65.5
Italy,2020-11,62.2
Italy,2020-12,67.3
Italy,2021-01,79.4
Italy,2021-02,81.0
Italy,2021-03,82.2
Italy,2021-04,82.0
Italy,2021-05,85.4
Italy,2021-06,88.3
Italy,2021-07,89.1
Italy,2021-08,87.2
Italy,2021-09,90.6
Italy,2021-10,91.4
Italy,2021-11,92.5
Italy,2021-12,92.5
Italy,2022-01,93.5
Italy,2022-02,94.0
Italy,2022-03,94.0
Italy,2022-04,94.0
Italy,2022-05,93.6
Italy,2022-06,93.2
Jamaica,2020-07,30.7
Jamaica,2020-08,30.4
Jamaica,2020-11,24.9
Jamaica,2020-12,32.0
Jamaica,2021-01,53.5
Jamaica,2021-05,82.6
Jamaica,2021-06,49.4
Jamaica,2021-08,78.1
Jamaica,2021-10,78.0
Japan,2020-07,69.9
Japan,2020-08,69.7
Japan,2020-09,53.5
Japan,2020-10,62.3
Japan,2020-11,60.5
Japan,2020-12,59.5
Japan,2021-01,63.3
Japan,2021-02,70.2
Japan,2021-03,69.3
Japan,2021-04,85.4
Japan,2021-05,88.3
Japan,2021-06,90.0
Japan,2021-07,91.8
Japan,2021-08,86.1
Japan,2021-09,94.0
Japan,2021-10,94.0
Japan,2021-11,94.0
Japan,2021-12,93.9
Japan,2022-01,94.0
Japan,2022-02,93.6
Japan,2022-03,93.8
Japan,2022-04,93.6
Japan,2022-05,93.3
Japan,2022-06,92.7
Jordan,2020-12,31.3
Jordan,2021-01,42.8
Jordan,2021-02,47.4
Jordan,2021-03,52.4
Jordan,2021-04,70.8
Jordan,2021-05,82.4
Jordan,2021-06,87.7
Jordan,2021-07,89.5
Jordan,2021-08,91.9
Jordan,2021-09,92.3
Jordan,2021-10,92.4
Jordan,2021-11,93.3
Jordan,2021-12,92.8
Jordan,2022-01,93.9
Jordan,2022-02,94.3
Jordan,2022-03,93.8
Jordan,2022-04,93.7
Jordan,2022-05,93.4
Jordan,2022-06,93.6
Kazakhstan,2020-07,28.3
Kazakhstan,2020-08,29.1
Kazakhstan,2020-11,45.6
Kazakhstan,2020-12,35.0
Kazakhstan,2021-01,28.9
Kazakhstan,2021-02,37.2
Kazakhstan,2021-03,32.9
Kazakhstan,2021-04,55.7
Kazakhstan,2021-05,63.6
Kazakhstan,2021-06,65.7
Kazakhstan,2021-07,73.1
Kazakhstan,2021-08,78.1
Kazakhstan,2021-09,81.3
Kazakhstan,2021-10,80.9
Kazakhstan,2021-11,82.3
Kazakhstan,2021-12,82.8
Kazakhstan,2022-01,84.0
Kazakhstan,2022-02,80.0
Kazakhstan,2022-03,76.9
Kazakhstan,2022-04,78.8
Kenya,2020-03,82.1
Kenya,2020-04,96.0
Kenya,2020-07,73.4
Kenya,2020-08,74.0
Kenya,2020-10,85.0
Kenya,2020-11,71.1
Kenya,2020-12,78.5
Kenya,2021-01,72.4
Kenya,2021-02,63.9
Kenya,2021-03,70.5
Kenya,2021-04,65.4
Kenya,2021-05,77.3
Kenya,2021-06,78.1
Kenya,2021-07,80.4
Kenya,2021-08,86.2
Kenya,2021-09,85.6
Kenya,2021-10,87.8
Kenya,2021-11,89.8
Kenya,2021-12,90.8
Kenya,2022-01,85.4
Kenya,2022-02,91.7
Kenya,2022-03,89.6
Kenya,2022-04,87.9
Kenya,2022-05,89.4
Kenya,2022-06,90.6
Kosovo,2020-12,32.0
Kuwait,2020-09,53.1
Kuwait,2020-12,44.4
Kuwait,2021-01,67.4
Kuwait,2021-02,71.2
Kuwait,2021-03,77.7
Kuwait,2021-04,87.0
Kuwait,2021-05,92.2
Kuwait,2021-06,95.0
Kuwait,2021-07,94.8
Kuwait,2021-08,97.4
Kuwait,2021-09,96.5
Kuwait,2021-10,97.2
Kuwait,2021-11,95.9
Kuwait,2021-12,98.8
Kuwait,2022-01,97.5
Kuwait,2022-02,97.7
Kuwait,2022-03,96.3
Kuwait,2022-04,98.7
Kyrgyzstan,2020-12,44.8
Kyrgyzstan,2021-01,43.8
Kyrgyzstan,2021-02,51.1
Kyrgyzstan,2021-03,47.7
Kyrgyzstan,2021-04,47.2
Kyrgyzstan,2021-05,55.4
Kyrgyzstan,2021-06,54.6
Kyrgyzstan,2021-07,61.6
Kyrgyzstan,2021-08,62.2
Kyrgyzstan,2021-09,67.8
Kyrgyzstan,2021-10,61.9
Kyrgyzstan,2021-11,69.5
Kyrgyzstan,2021-12,73.0
Kyrgyzstan,2022-01,70.9
Kyrgyzstan,2022-02,68.1
Kyrgyzstan,2022-03,70.6
Kyrgyzstan,2022-04,64.4
Lao PDR,2020-12,83.5
Lao PDR,2021-01,77.3
Lao PDR,2021-02,77.3
Lao PDR,2021-03,83.3
Lao PDR,2021-04,78.6
Lao PDR,2021-05,89.1
Lao PDR,2021-06,95.5
Lao PDR,2021-07,96.4
Lao PDR,2021-08,96.7
Lao PDR,2021-09,98.5
Lao PDR,2021-10,98.1
Lao PDR,2021-11,98.6
Lao PDR,2021-12,98.7
Lao PDR,2022-01,98.2
Lao PDR,2022-02,97.9
Lao PDR,2022-03,98.6
Lao PDR,2022-04,99.1
Latvia,2020-12,41.0
Latvia,2021-01,52.7
Latvia,2021-04,56.5
Latvia,2021-05,43.6
Latvia,2021-07,91.5
Latvia,2021-08,66.3
Latvia,2021-09,57.9
Latvia,2021-10,76.9
Latvia,2021-11,79.4
Latvia,2022-01,82.2
Lebanon,2020-11,44.0
Lebanon,2020-12,44.5
Lebanon,2021-01,49.8
Lebanon,2021-02,69.9
Lebanon,2021-03,73.5
Lebanon,2021-04,75.7
Lebanon,2021-05,68.8
Lebanon,2021-06,84.6
Lebanon,2021-07,87.2
Lebanon,2021-08,88.5
Lebanon,2021-09,89.5
Lebanon,2021-10,89.2
Lebanon,2021-11,90.8
Lebanon,2021-12,90.7
Lebanon,2022-01,91.9
Lebanon,2022-02,89.0
Lebanon,2022-03,87.8
Lebanon,2022-04,88.9
Lebanon,2022-05,86.8
Lebanon,2022-06,87.8
Liberia,2021-01,50.4
Liberia,2021-02,70.0
Liberia,2021-06,57.0
Liberia,2021-09,83.0
Libya,2020-12,65.4
Libya,2021-01,63.5
Libya,2021-02,67.5
Libya,2021-03,62.4
Libya,2021-04,68.6
Libya,2021-05,72.3
Libya,2021-06,76.8
Libya,2021-07,75.3
Libya,2021-08,77.7
Libya,2021-09,77.9
Libya,2021-10,81.0
Libya,2021-11,80.2
Libya,2021-12,78.4
Libya,2022-01,78.4
Libya,2022-02,77.2
Libya,2022-03,72.9
Libya,2022-04,71.9
Libya,2022-05,72.3
Libya,2022-06,71.9
Lithuania,2021-01,46.6
Lithuania,2021-04,88.9
Lithuania,2021-05,70.0
Lithuania,2021-07,76.6
Lithuania,2021-08,90.0
Lithuania,2021-09,95.2
Lithuania,2021-10,41.3
Lithuania,2021-11,70.0
Lithuania,2021-12,72.5
Lithuania,2022-01,84.8
Lithuania,2022-02,67.8
Lithuania,2022-03,74.8
Lithuania,2022-04,82.6
Luxembourg,2021-01,65.9
Luxembourg,2021-02,60.3
Luxembourg,2021-03,49.0
Luxembourg,2021-04,82.1
Luxembourg,2021-05,78.2
Luxembourg,2021-06,86.0
Luxembourg,2021-07,90.5
Luxembourg,2021-08,86.1
Luxembourg,2021-09,77.3
Luxembourg,2021-10,74.5
Luxembourg,2021-11,93.6
Luxembourg,2021-12,86.1
Luxembourg,2022-01,92.4
Luxembourg,2022-02,63.4
Luxembourg,2022-03,78.0
"Macao SAR, China",2021-01,51.7
Madagascar,2020-11,37.4
Madagascar,2020-12,45.0
Madagascar,2021-01,47.3
Madagascar,2021-02,51.6
Madagascar,2021-03,57.9
Madagascar,2021-04,66.1
Madagascar,2021-05,63.4
Madagascar,2021-06,67.7
Madagascar,2021-07,50.5
Madagascar,2021-08,73.9
Madagascar,2021-09,75.2
Madagascar,2021-10,51.2
Madagascar,2021-11,76.4
Madagascar,2021-12,78.8
Madagascar,2022-01,78.7
Madagascar,2022-02,57.7
Madagascar,2022-03,83.0
Madagascar,2022-04,74.9
Malawi,2020-11,82.7
Malawi,2020-12,80.0
Malawi,2021-01,49.2
Malawi,2021-03,52.4
Malawi,2021-04,70.7
Malawi,2021-06,56.0
Malawi,2021-10,67.4
Malawi,2021-11,64.0
Malawi,2022-06,87.9
Malaysia,2020-07,75.7
Malaysia,2020-08,75.3
Malaysia,2020-09,72.5
Malaysia,2020-10,71.9
Malaysia,2020-11,77.8
Malaysia,2020-12,64.8
Malaysia,2021-01,62.7
Malaysia,2021-02,72.4
Malaysia,2021-03,85.0
Malaysia,2021-04,82.6
Malaysia,2021-05,83.5
Malaysia,2021-06,92.3
Malaysia,2021-07,94.8
Malaysia,2021-08,97.2
Malaysia,2021-09,97.8
Malaysia,2021-10,98.2
Malaysia,2021-11,98.1
Malaysia,2021-12,98.1
Malaysia,2022-01,98.9
Malaysia,2022-02,98.9
Malaysia,2022-03,97.8
Malaysia,2022-04,99.0
Maldives,2021-01,69.9
Maldives,2021-02,77.7
Maldives,2021-03,86.1
Maldives,2021-04,90.0
Mali,2020-05,46.3
Mali,2020-11,57.4
Mali,2020-12,50.0
Mali,2021-01,68.6
Mali,2021-02,72.8
Mali,2021-03,56.2
Mali,2021-04,55.8
Mali,2021-05,64.0
Mali,2021-06,72.8
Mali,2021-07,67.4
Mali,2021-08,73.8
Mali,2021-09,81.0
Mali,2021-10,71.8
Mali,2021-11,70.0
Mali,2021-12,77.0
Mali,2022-01,77.2
Mali,2022-02,83.2
Mali,2022-03,76.4
Mali,2022-04,79.8
Malta,2020-10,69.0
Malta,2021-01,62.6
Malta,2021-02,56.4
Malta,2021-03,54.7
Malta,2021-04,82.9
Malta,2021-05,91.0
Malta,2021-06,60.8
Malta,2021-07,88.2
Malta,2021-08,76.6
Malta,2021-09,93.5
Malta,2021-10,78.2
Malta,2021-11,98.8
Malta,2022-01,84.1
Malta,2022-03,96.0
Marshall Islands,2020-11,53.3
Martinique,2021-01,50.3
Martinique,2021-02,81.6
Martinique,2021-03,62.4
Martinique,2021-04,48.3
Martinique,2021-07,86.0
Martinique,2021-08,79.8
Mauritania,2020-12,57.7
Mauritania,2021-01,57.3
Mauritania,2021-02,58.8
Mauritania,2021-03,57.9
Mauritania,2021-04,63.6
Mauritania,2021-05,72.5
Mauritania,2021-06,76.0
Mauritania,2021-07,78.1
Mauritania,2021-08,85.3
Mauritania,2021-09,85.8
Mauritania,2021-10,80.7
Mauritania,2021-11,88.9
Mauritania,2021-12,85.0
Mauritania,2022-01,86.7
Mauritania,2022-02,91.2
Mauritania,2022-03,78.5
Mauritania,2022-04,82.1
Mauritius,2020-12,81.0
Mexico,2020-06,76.3
Mexico,2020-07,73.9
Mexico,2020-08,74.9
Mexico,2020-09,71.1
Mexico,2020-10,74.9
Mexico,2020-11,76.2
Mexico,2020-12,75.0
Mexico,2021-01,80.7
Mexico,2021-02,84.7
Mexico,2021-03,86.3
Mexico,2021-04,91.3
Mexico,2021-05,93.1
Mexico,2021-06,94.0
Mexico,2021-07,95.8
Mexico,2021-08,93.4
Mexico,2021-09,97.0
Mexico,2021-10,97.0
Mexico,2021-11,97.2
Mexico,2021-12,97.1
Mexico,2022-01,97.6
Mexico,2022-02,97.1
Mexico,2022-03,96.6
Mexico,2022-04,96.6
Mexico,2022-05,96.3
Mexico,2022-06,96.4
Moldova,2020-12,48.8
Moldova,2021-01,46.9
Moldova,2021-02,49.1
Moldova,2021-03,59.8
Moldova,2021-04,65.3
Moldova,2021-05,72.1
Moldova,2021-06,73.2
Moldova,2021-07,74.1
Moldova,2021-08,75.6
Moldova,2021-09,74.5
Moldova,2021-10,78.3
Moldova,2021-11,79.4
Moldova,2021-12,80.2
Moldova,2022-01,77.8
Moldova,2022-02,74.3
Moldova,2022-03,73.3
Moldova,2022-04,71.7
Monaco,2021-01,57.6
Mongolia,2020-07,75.4
Mongolia,2020-08,72.9
Mongolia,2020-11,67.1
Mongolia,2020-12,71.9
Mongolia,2021-03,72.9
Mongolia,2021-04,71.0
Montenegro,2020-11,33.0
Montenegro,2021-01,52.3
Montenegro,2021-05,74.3
Montenegro,2021-06,83.8
Montenegro,2021-07,82.3
Montenegro,2021-08,81.4
Montenegro,2021-09,85.5
Montenegro,2021-10,83.6
Montenegro,2021-11,90.7
Montenegro,2022-01,82.1
Morocco,2020-07,49.6
Morocco,2020-08,45.5
Morocco,2020-11,55.5
Morocco,2020-12,55.9
Morocco,2021-01,65.5
Morocco,2021-02,84.2
Morocco,2021-03,83.3
Morocco,2021-04,83.9
Morocco,2021-05,84.2
Morocco,2021-06,88.4
Morocco,2021-07,90.7
Morocco,2021-08,92.6
Morocco,2021-09,94.5
Morocco,2021-10,90.6
Morocco,2021-11,90.2
Morocco,2021-12,90.4
Morocco,2022-01,91.7
Morocco,2022-02,90.5
Morocco,2022-03,88.6
Morocco,2022-04,89.3
Mozambique,2020-07,61.4
Mozambique,2020-08,61.4
Mozambique,2020-11,65.3
Mozambique,2020-12,74.0
Mozambique,2021-01,72.1
Mozambique,2021-02,73.2
Mozambique,2021-03,73.3
Mozambique,2021-04,62.8
Mozambique,2021-05,80.8
Mozambique,2021-06,81.8
Mozambique,2021-07,86.2
Mozambique,2021-08,88.6
Mozambique,2021-09,91.6
Mozambique,2021-10,87.1
Mozambique,2021-11,87.3
Mozambique,2021-12,85.8
Mozambique,2022-01,87.4
Mozambique,2022-02,91.3
Mozambique,2022-03,96.2
Mozambique,2022-04,95.5
Mozambique,2022-05,95.1
Mozambique,2022-06,91.9
Myanmar,2020-07,78.7
Myanmar,2020-08,79.3
Myanmar,2020-11,85.0
Myanmar,2020-12,91.6
Myanmar,2021-01,84.8
Myanmar,2021-02,81.6
Myanmar,2021-03,73.9
Myanmar,2021-04,65.8
Myanmar,2021-05,80.8
Myanmar,2021-06,74.6
Myanmar,2021-07,79.1
Myanmar,2021-08,84.8
Myanmar,2021-09,87.4
Myanmar,2021-10,87.8
Myanmar,2021-11,89.8
Myanmar,2021-12,91.5
Myanmar,2022-01,91.8
Myanmar,2022-02,92.5
Myanmar,2022-03,92.8
Myanmar,2022-04,92.2
Myanmar,2022-05,93.1
Myanmar,2022-06,92.8
Namibia,2020-12,46.0
Namibia,2021-06,62.0
Nepal,2020-07,73.6
Nepal,2020-08,77.1
Nepal,2020-11,75.1
Nepal,2020-12,76.4
Nepal,2021-01,81.1
Nepal,2021-02,74.5
Nepal,2021-03,79.0
Nepal,2021-04,80.5
Nepal,2021-05,87.6
Nepal,2021-06,91.8
Nepal,2021-07,93.4
Nepal,2021-08,96.7
Nepal,2021-09,96.0
Nepal,2021-10,96.7
Nepal,2021-11,97.3
Nepal,2021-12,97.4
Nepal,2022-01,97.9
Nepal,2022-02,98.8
Nepal,2022-03,97.9
Nepal,2022-04,98.0
Nepal,2022-05,97.9
Nepal,2022-06,97.2
Netherlands,2020-04,73.0
Netherlands,2020-07,59.7
Netherlands,2020-08,59.9
Netherlands,2020-11,60.2
Netherlands,2020-12,67.6
Netherlands,2021-01,81.8
Netherlands,2021-02,79.6
Netherlands,2021-03,79.7
Netherlands,2021-04,81.0
Netherlands,2021-05,84.2
Netherlands,2021-06,87.8
Netherlands,2021-07,88.0
Netherlands,2021-08,87.1
Netherlands,2021-09,84.9
Netherlands,2021-10,84.3
Netherlands,2021-11,86.1
Netherlands,2021-12,87.3
Netherlands,2022-01,87.3
Netherlands,2022-02,86.4
Netherlands,2022-03,88.5
Netherlands,2022-04,86.8
Netherlands,2022-05,86.6
Netherlands,2022-06,85.9
New Zealand,2020-07,65.0
New Zealand,2020-12,75.1
New Zealand,2021-01,74.8
New Zealand,2021-02,76.5
New Zealand,2021-03,79.5
New Zealand,2021-04,80.4
New Zealand,2021-05,83.2
New Zealand,2021-06,83.8
New Zealand,2021-07,85.3
New Zealand,2021-08,88.3
New Zealand,2021-09,90.8
New Zealand,2021-10,92.4
New Zealand,2021-11,93.1
New Zealand,2021-12,93.8
New Zealand,2022-01,93.9
New Zealand,2022-02,94.0
New Zealand,2022-03,94.9
New Zealand,2022-04,94.0
New Zealand,2022-05,94.1
New Zealand,2022-06,93.9
Nicaragua,2020-12,83.6
Nicaragua,2021-01,78.5
Nicaragua,2021-02,78.2
Nicaragua,2021-03,74.8
Nicaragua,2021-04,77.0
Nicaragua,2021-05,81.0
Nicaragua,2021-06,82.1
Nicaragua,2021-07,87.2
Nicaragua,2021-08,89.2
Nicaragua,2021-09,91.0
Nicaragua,2021-10,92.9
Nicaragua,2021-11,95.8
Nicaragua,2021-12,95.9
Nicaragua,2022-01,95.4
Nicaragua,2022-02,95.9
Nicaragua,2022-03,95.7
Nicaragua,2022-04,95.2
Niger,2020-09,93.0
Niger,2021-01,42.0
Nigeria,2020-03,70.0
Nigeria,2020-06,65.2
Nigeria,2020-07,57.7
Nigeria,2020-08,70.1
Nigeria,2020-09,59.9
Nigeria,2020-10,74.0
Nigeria,2020-11,67.4
Nigeria,2020-12,70.4
Nigeria,2021-01,59.1
Nigeria,2021-02,69.6
Nigeria,2021-03,70.7
Nigeria,2021-04,63.1
Nigeria,2021-05,72.4
Nigeria,2021-06,69.0
Nigeria,2021-07,76.6
Nigeria,2021-08,77.1
Nigeria,2021-09,70.4
Nigeria,2021-10,82.7
Nigeria,2021-11,84.8
Nigeria,2021-12,85.4
Nigeria,2022-01,85.3
Nigeria,2022-02,85.8
Nigeria,2022-03,86.4
Nigeria,2022-04,85.7
Nigeria,2022-05,86.8
Nigeria,2022-06,86.6
North Macedonia,2020-11,35.0
North Macedonia,2021-01,71.8
North Macedonia,2021-07,91.4
North Macedonia,2021-08,91.2
Norway,2020-10,74.0
Norway,2020-11,57.0
Norway,2020-12,80.9
Norway,2021-01,76.8
Norway,2021-02,79.8
Norway,2021-03,80.2
Norway,2021-04,81.3
Norway,2021-05,84.0
Norway,2021-06,89.3
Norway,2021-07,91.5
Norway,2021-08,91.6
Norway,2021-09,91.9
Norway,2021-10,91.9
Norway,2021-11,92.0
Norway,2021-12,92.4
Norway,2022-01,92.5
Norway,2022-02,91.6
Norway,2022-03,91.5
Norway,2022-04,91.6
Occupied Palestinian territory,2020-10,63.0
Occupied Palestinian territory,2020-12,44.0
Occupied Palestinian territory,2021-01,49.2
Occupied Palestinian territory,2021-02,54.4
Occupied Palestinian territory,2021-03,63.8
Occupied Palestinian territory,2021-04,65.8
Occupied Palestinian territory,2021-05,70.4
Occupied Palestinian territory,2021-06,71.2
Occupied Palestinian territory,2021-07,71.6
Occupied Palestinian territory,2021-08,76.2
Occupied Palestinian territory,2021-09,85.3
Occupied Palestinian territory,2021-10,83.9
Occupied Palestinian territory,2021-11,82.8
Occupied Palestinian territory,2021-12,84.1
Occupied Palestinian territory,2022-01,83.4
Occupied Palestinian territory,2022-02,83.3
Occupied Palestinian territory,2022-03,82.5
Occupied Palestinian territory,2022-04,76.8
Oman,2020-12,61.9
Oman,2021-01,71.2
Oman,2021-02,74.4
Oman,2021-03,77.9
Oman,2021-04,81.2
Oman,2021-05,83.4
Oman,2021-06,90.6
Oman,2021-07,94.6
Oman,2021-08,96.7
Oman,2021-09,98.6
Oman,2021-10,98.0
Oman,2021-11,99.3
Oman,2021-12,98.5
Oman,2022-01,99.1
Oman,2022-02,98.7
Oman,2022-03,97.2
Oman,2022-04,98.9
Pakistan,2020-07,65.6
Pakistan,2020-08,63.8
Pakistan,2020-09,62.1
Pakistan,2020-10,64.9
Pakistan,2020-11,62.0
Pakistan,2020-12,62.8
Pakistan,2021-01,64.2
Pakistan,2021-02,68.0
Pakistan,2021-03,64.9
Pakistan,2021-04,79.7
Pakistan,2021-05,85.3
Pakistan,2021-06,91.2
Pakistan,2021-07,93.9
Pakistan,2021-08,96.0
Pakistan,2021-09,96.9
Pakistan,2021-10,92.5
Pakistan,2021-11,97.8
Pakistan,2021-12,97.7
Pakistan,2022-01,98.0
Pakistan,2022-02,98.0
Pakistan,2022-03,97.8
Pakistan,2022-04,97.2
Pakistan,2022-05,97.4
Pakistan,2022-06,97.0
Panama,2020-12,73.4
Panama,2021-01,77.3
Panama,2021-02,79.6
Panama,2021-03,84.5
Panama,2021-04,85.1
Panama,2021-05,87.3
Panama,2021-06,87.7
Panama,2021-07,92.2
Panama,2021-08,93.9
Panama,2021-09,95.0
Panama,2021-10,94.5
Panama,2021-11,95.2
Panama,2021-12,94.9
Panama,2022-01,95.6
Panama,2022-02,95.4
Panama,2022-03,94.6
Panama,2022-04,94.3
Papua New Guinea,2021-05,38.6
Papua New Guinea,2021-06,18.2
Papua New Guinea,2021-07,18.4
Papua New Guinea,2021-10,39.0
Paraguay,2020-12,56.4
Paraguay,2021-01,62.1
Paraguay,2021-02,67.3
Paraguay,2021-03,73.3
Paraguay,2021-04,75.2
Paraguay,2021-05,83.4
Paraguay,2021-06,87.4
Paraguay,2021-07,94.1
Paraguay,2021-08,94.6
Paraguay,2021-09,93.5
Paraguay,2021-10,94.4
Paraguay,2021-11,91.6
Paraguay,2021-12,91.4
Paraguay,2022-01,91.6
Paraguay,2022-02,91.8
Paraguay,2022-03,90.7
Paraguay,2022-04,90.2
Paraguay,2022-05,91.2
Paraguay,2022-06,91.8
Peru,2020-07,79.7
Peru,2020-08,77.3
Peru,2020-10,73.0
Peru,2020-11,68.2
Peru,2020-12,70.1
Peru,2021-01,72.3
Peru,2021-02,79.1
Peru,2021-03,82.2
Peru,2021-04,83.8
Peru,2021-05,89.3
Peru,2021-06,90.2
Peru,2021-07,92.8
Peru,2021-08,94.4
Peru,2021-09,95.4
Peru,2021-10,95.8
Peru,2021-11,95.9
Peru,2021-12,95.3
Peru,2022-01,97.0
Peru,2022-02,96.5
Peru,2022-03,96.6
Peru,2022-04,96.7
Peru,2022-05,97.1
Peru,2022-06,97.1
Philippines,2020-07,68.9
Philippines,2020-08,60.3
Philippines,2020-09,53.2
Philippines,2020-10,53.2
Philippines,2020-11,42.5
Philippines,2020-12,51.4
Philippines,2021-01,51.8
Philippines,2021-02,52.3
Philippines,2021-03,60.9
Philippines,2021-04,65.2
Philippines,2021-05,68.8
Philippines,2021-06,80.1
Philippines,2021-07,87.0
Philippines,2021-08,93.6
Philippines,2021-09,88.9
Philippines,2021-10,90.7
Philippines,2021-11,93.9
Philippines,2021-12,95.3
Philippines,2022-01,95.5
Philippines,2022-02,97.0
Philippines,2022-03,97.0
Philippines,2022-04,96.4
Philippines,2022-05,96.9
Philippines,2022-06,96.7
Poland,2020-06,56.3
Poland,2020-07,43.5
Poland,2020-08,42.2
Poland,2020-09,33.8
Poland,2020-10,47.0
Poland,2020-11,37.7
Poland,2020-12,45.4
Poland,2021-01,68.0
Poland,2021-02,67.6
Poland,2021-03,68.8
Poland,2021-04,76.4
Poland,2021-05,74.8
Poland,2021-06,83.9
Poland,2021-07,84.9
Poland,2021-08,84.4
Poland,2021-09,83.6
Poland,2021-10,83.4
Poland,2021-11,85.0
Poland,2021-12,85.2
Poland,2022-01,84.7
Poland,2022-02,82.3
Poland,2022-03,81.0
Poland,2022-04,79.9
Poland,2022-05,80.4
Poland,2022-06,78.7
Portugal,2020-04,75.0
Portugal,2020-07,66.8
Portugal,2020-08,61.6
Portugal,2020-10,68.0
Portugal,2020-11,53.7
Portugal,2020-12,79.5
Portugal,2021-01,83.5
Portugal,2021-02,86.5
Portugal,2021-03,87.6
Portugal,2021-04,88.5
Portugal,2021-05,89.2
Portugal,2021-06,94.2
Portugal,2021-07,95.2
Portugal,2021-08,96.1
Portugal,2021-09,96.0
Portugal,2021-10,95.9
Portugal,2021-11,96.2
Portugal,2021-12,96.4
Portugal,2022-01,96.3
Portugal,2022-02,95.3
Portugal,2022-03,95.3
Portugal,2022-04,95.2
Portugal,2022-05,95.8
Portugal,2022-06,95.3
Puerto Rico,2020-12,81.8
Puerto Rico,2021-01,84.6
Puerto Rico,2021-02,86.4
Puerto Rico,2021-03,90.2
Puerto Rico,2021-04,92.8
Puerto Rico,2021-05,93.7
Puerto Rico,2021-06,94.6
Puerto Rico,2021-07,94.3
Puerto Rico,2021-08,95.3
Puerto Rico,2021-09,96.8
Puerto Rico,2021-10,96.9
Puerto Rico,2021-11,96.9
Puerto Rico,2021-12,97.5
Puerto Rico,2022-01,97.5
Puerto Rico,2022-02,96.8
Puerto Rico,2022-03,96.4
Puerto Rico,2022-04,95.7
Qatar,2020-12,70.7
Qatar,2021-01,75.5
Qatar,2021-02,84.6
Qatar,2021-03,88.9
Qatar,2021-04,90.6
Qatar,2021-05,94.9
Qatar,2021-06,97.1
Qatar,2021-07,97.3
Qatar,2021-08,97.8
Qatar,2021-09,98.0
Qatar,2021-10,98.0
Qatar,2021-11,97.2
Qatar,2021-12,98.8
Qatar,2022-01,97.9
Qatar,2022-02,97.9
Qatar,2022-03,97.8
Qatar,2022-04,98.4
Republic of Korea,2020-06,79.8
Republic of Korea,2020-07,84.2
Republic of Korea,2020-08,83.0
Republic of Korea,2020-10,84.0
Republic of Korea,2020-11,80.5
Republic of Korea,2020-12,70.7
Republic of Korea,2021-01,76.7
Republic of Korea,2021-02,75.7
Republic of Korea,2021-03,75.2
Republic of Korea,2021-04,76.3
Republic of Korea,2021-05,80.2
Republic of Korea,2021-06,91.0
Republic of Korea,2021-07,93.4
Republic of Korea,2021-08,89.0
Republic of Korea,2021-09,96.2
Republic of Korea,2021-10,96.1
Republic of Korea,2021-11,95.9
Republic of Korea,2021-12,95.6
Republic of Korea,2022-01,95.6
Republic of Korea,2022-02,95.0
Republic of Korea,2022-03,95.6
Republic of Korea,2022-04,95.5
Republic of Korea,2022-05,95.2
Republic of Korea,2022-06,95.6
Romania,2020-07,46.8
Romania,2020-08,45.3
Romania,2020-09,42.0
Romania,2020-10,42.2
Romania,2020-11,43.4
Romania,2020-12,51.6
Romania,2021-01,69.6
Romania,2021-02,70.2
Romania,2021-03,69.5
Romania,2021-04,76.6
Romania,2021-05,75.1
Romania,2021-06,78.7
Romania,2021-07,77.0
Romania,2021-08,75.2
Romania,2021-09,75.5
Romania,2021-10,80.5
Romania,2021-11,82.6
Romania,2021-12,82.0
Romania,2022-01,81.1
Romania,2022-02,78.6
Romania,2022-03,78.0
Romania,2022-04,77.8
Romania,2022-05,77.2
Romania,2022-06,77.1
Russia,2020-06,54.9
Russia,2020-12,37.3
Russia,2021-01,42.7
Russia,2021-02,47.5
Russia,2021-03,52.0
Russia,2021-04,57.0
Russia,2021-05,59.5
Russia,2021-06,61.8
Russia,2021-07,68.7
Russia,2021-08,62.3
Russia,2021-09,70.2
Russia,2021-10,72.3
Russia,2021-11,74.4
Russia,2021-12,74.3
Russia,2022-01,75.1
Russia,2022-02,73.4
Russia,2022-03,68.9
Russia,2022-04,69.3
Russia,2022-05,71.3
Russia,2022-06,69.4
Rwanda,2020-11,84.9
Rwanda,2021-01,62.3
Rwanda,2021-04,85.7
Rwanda,2021-06,91.9
Saint Lucia,2021-06,56.8
Saint Vincent and the Grenadines,2021-03,35.8
Sao Tome and Principe,2022-04,92.0
Saudi Arabia,2020-10,80.0
Saudi Arabia,2020-12,53.4
Saudi Arabia,2021-01,61.4
Saudi Arabia,2021-02,62.8
Saudi Arabia,2021-03,70.2
Saudi Arabia,2021-04,88.0
Saudi Arabia,2021-05,89.4
Saudi Arabia,2021-06,92.0
Saudi Arabia,2021-07,93.9
Saudi Arabia,2021-08,95.6
Saudi Arabia,2021-09,96.0
Saudi Arabia,2021-10,97.0
Saudi Arabia,2021-11,97.1
Saudi Arabia,2021-12,98.5
Saudi Arabia,2022-01,98.2
Saudi Arabia,2022-02,97.9
Saudi Arabia,2022-03,97.4
Saudi Arabia,2022-04,98.0
Senegal,2020-07,40.5
Senegal,2020-08,44.2
Senegal,2020-11,48.3
Senegal,2020-12,42.1
Senegal,2021-01,40.9
Senegal,2021-02,61.9
Senegal,2021-03,71.5
Senegal,2021-04,69.6
Senegal,2021-05,71.6
Senegal,2021-06,77.8
Senegal,2021-07,77.8
Senegal,2021-08,79.1
Senegal,2021-09,71.2
Senegal,2021-10,71.2
Senegal,2021-11,76.0
Senegal,2021-12,80.4
Senegal,2022-01,75.7
Senegal,2022-02,77.6
Senegal,2022-03,72.5
Senegal,2022-04,78.0
Serbia,2020-11,38.0
Serbia,2020-12,43.7
Serbia,2021-01,58.8
Serbia,2021-02,64.4
Serbia,2021-03,68.3
Serbia,2021-04,74.3
Serbia,2021-05,77.7
Serbia,2021-06,75.9
Serbia,2021-07,76.4
Serbia,2021-08,75.8
Serbia,2021-09,76.0
Serbia,2021-10,78.3
Serbia,2021-11,78.1
Serbia,2021-12,76.2
Serbia,2022-01,75.8
Serbia,2022-02,73.7
Serbia,2022-03,71.5
Serbia,2022-04,70.9
Serbia,2022-05,70.4
Serbia,2022-06,72.4
Sierra Leone,2020-10,78.0
Sierra Leone,2020-11,78.5
Sierra Leone,2021-01,87.9
Sierra Leone,2021-09,87.0
Sierra Leone,2022-02,88.0
Sierra Leone,2022-05,92.0
Singapore,2020-06,67.9
Singapore,2020-07,73.6
Singapore,2020-08,72.6
Singapore,2020-11,65.3
Singapore,2020-12,62.9
Singapore,2021-01,65.2
Singapore,2021-02,73.8
Singapore,2021-03,81.9
Singapore,2021-04,86.7
Singapore,2021-05,86.6
Singapore,2021-06,92.9
Singapore,2021-07,94.8
Singapore,2021-08,96.4
Singapore,2021-09,97.5
Singapore,2021-10,98.0
Singapore,2021-11,98.0
Singapore,2021-12,98.1
Singapore,2022-01,98.6
Singapore,2022-02,99.0
Singapore,2022-03,98.5
Singapore,2022-04,98.8
Slovakia,2020-12,58.6
Slovakia,2021-01,75.5
Slovakia,2021-02,75.7
Slovakia,2021-03,76.9
Slovakia,2021-04,77.1
Slovakia,2021-05,70.7
Slovakia,2021-06,80.1
Slovakia,2021-07,79.4
Slovakia,2021-08,78.3
Slovakia,2021-09,78.5
Slovakia,2021-10,78.6
Slovakia,2021-11,80.5
Slovakia,2021-12,79.5
Slovakia,2022-01,78.3
Slovakia,2022-02,75.5
Slovakia,2022-03,77.0
Slovakia,2022-04,76.0
Slovakia,2022-05,75.1
Slovakia,2022-06,74.5
Slovenia,2020-11,51.0
Slovenia,2020-12,64.2
Slovenia,2021-01,67.5
Slovenia,2021-02,66.7
Slovenia,2021-03,66.9
Slovenia,2021-04,67.2
Slovenia,2021-05,67.2
Slovenia,2021-06,76.6
Slovenia,2021-07,77.3
Slovenia,2021-08,77.6
Slovenia,2021-09,77.3
Slovenia,2021-10,79.3
Slovenia,2021-11,81.0
Slovenia,2021-12,78.9
Slovenia,2022-01,79.1
Slovenia,2022-02,76.2
Slovenia,2022-03,77.3
Slovenia,2022-04,78.0
Slovenia,2022-05,75.6
Slovenia,2022-06,78.5
Solomon Islands,2021-05,48.0
Solomon Islands,2021-11,54.0
Somalia,2021-01,60.4
Somalia,2021-02,56.8
Somalia,2021-03,87.9
Somalia,2021-04,61.5
Somalia,2021-05,81.7
Somalia,2021-07,87.6
Somalia,2021-11,68.8
South Africa,2020-06,81.6
South Africa,2020-07,62.0
South Africa,2020-08,65.7
South Africa,2020-10,72.0
South Africa,2020-11,63.7
South Africa,2020-12,66.4
South Africa,2021-01,60.2
South Africa,2021-02,63.7
South Africa,2021-03,72.3
South Africa,2021-04,61.1
South Africa,2021-05,73.6
South Africa,2021-06,72.8
South Africa,2021-07,77.8
South Africa,2021-08,63.3
South Africa,2021-09,79.5
South Africa,2021-10,84.8
South Africa,2021-11,85.8
South Africa,2021-12,85.4
South Africa,2022-01,84.8
South Africa,2022-02,83.9
South Africa,2022-03,83.5
South Africa,2022-04,84.8
South Africa,2022-05,83.2
South Africa,2022-06,81.6
South Sudan,2021-01,68.3
South Sudan,2021-02,90.9
South Sudan,2021-03,62.1
South Sudan,2021-04,80.8
South Sudan,2021-05,58.1
South Sudan,2021-06,72.7
South Sudan,2021-07,74.8
South Sudan,2021-08,91.1
South Sudan,2021-09,87.4
South Sudan,2021-10,85.5
South Sudan,2021-12,76.9
South Sudan,2022-01,72.3
Spain,2020-06,74.3
Spain,2020-07,59.7
Spain,2020-08,65.8
Spain,2020-10,65.5
Spain,2020-11,48.7
Spain,2020-12,66.2
Spain,2021-01,77.9
Spain,2021-02,81.5
Spain,2021-03,82.9
Spain,2021-04,86.3
Spain,2021-05,89.1
Spain,2021-06,92.5
Spain,2021-07,91.6
Spain,2021-08,91.5
Spain,2021-09,93.1
Spain,2021-10,93.6
Spain,2021-11,94.6
Spain,2021-12,93.9
Spain,2022-01,94.1
Spain,2022-02,93.1
Spain,2022-03,93.5
Spain,2022-04,92.8
Spain,2022-05,94.1
Spain,2022-06,93.9
Sri Lanka,2020-07,68.5
Sri Lanka,2020-08,67.6
Sri Lanka,2020-11,67.6
Sri Lanka,2020-12,72.5
Sri Lanka,2021-01,76.1
Sri Lanka,2021-02,78.5
Sri Lanka,2021-03,79.7
Sri Lanka,2021-04,73.9
Sri Lanka,2021-05,84.9
Sri Lanka,2021-06,89.2
Sri Lanka,2021-07,93.4
Sri Lanka,2021-08,97.3
Sri Lanka,2021-09,97.0
Sri Lanka,2021-10,97.8
Sri Lanka,2021-11,97.4
Sri Lanka,2021-12,96.6
Sri Lanka,2022-01,97.5
Sri Lanka,2022-02,97.3
Sri Lanka,2022-03,97.2
Sri Lanka,2022-04,97.6
Sudan,2020-07,67.0
Sudan,2020-08,66.5
Sudan,2020-11,76.1
Sudan,2020-12,61.3
Sudan,2021-01,63.7
Sudan,2021-02,71.2
Sudan,2021-03,71.4
Sudan,2021-04,65.5
Sudan,2021-05,69.0
Sudan,2021-06,74.8
Sudan,2021-07,72.7
Sudan,2021-08,77.1
Sudan,2021-09,76.1
Sudan,2021-10,78.4
Sudan,2021-11,81.8
Sudan,2021-12,80.1
Sudan,2022-01,79.5
Sudan,2022-02,80.2
Sudan,2022-03,77.5
Sudan,2022-04,78.1
Sweden,2020-06,65.2
Sweden,2020-09,51.0
Sweden,2020-10,59.0
Sweden,2020-11,45.0
Sweden,2020-12,63.3
Sweden,2021-01,76.5
Sweden,2021-02,77.0
Sweden,2021-03,80.8
Sweden,2021-04,82.2
Sweden,2021-05,85.3
Sweden,2021-06,88.3
Sweden,2021-07,89.6
Sweden,2021-08,89.8
Sweden,2021-09,89.7
Sweden,2021-10,90.1
Sweden,2021-11,90.3
Sweden,2021-12,90.1
Sweden,2022-01,90.1
Sweden,2022-02,89.9
Sweden,2022-03,89.4
Sweden,2022-04,88.6
Sweden,2022-05,92.8
Sweden,2022-06,92.1
Switzerland,2020-11,53.0
Switzerland,2020-12,61.8
Switzerland,2021-01,67.1
Switzerland,2021-02,69.3
Switzerland,2021-03,72.4
Switzerland,2021-04,76.5
Switzerland,2021-05,80.3
Switzerland,2021-06,82.1
Switzerland,2021-07,82.4
Switzerland,2021-08,80.9
Switzerland,2021-09,80.2
Switzerland,2021-10,80.1
Switzerland,2021-11,82.1
Switzerland,2021-12,83.6
Switzerland,2022-01,84.3
Switzerland,2022-02,82.1
Switzerland,2022-03,82.9
Switzerland,2022-04,81.6
Switzerland,2022-05,80.7
Switzerland,2022-06,81.1
Syria,2021-03,37.0
"Taiwan, China",2020-07,69.4
"Taiwan, China",2020-08,68.7
"Taiwan, China",2020-10,54.9
"Taiwan, China",2020-11,53.0
"Taiwan, China",2020-12,53.2
"Taiwan, China",2021-01,53.2
"Taiwan, China",2021-02,54.1
"Taiwan, China",2021-03,51.2
"Taiwan, China",2021-04,48.4
"Taiwan, China",2021-05,62.8
"Taiwan, China",2021-06,81.3
"Taiwan, China",2021-07,87.0
"Taiwan, China",2021-08,90.8
"Taiwan, China",2021-09,90.7
"Taiwan, China",2021-10,91.9
"Taiwan, China",2021-11,92.5
"Taiwan, China",2021-12,92.9
"Taiwan, China",2022-01,94.2
"Taiwan, China",2022-02,96.9
"Taiwan, China",2022-03,93.7
"Taiwan, China",2022-04,93.9
"Taiwan, China",2022-05,96.5
"Taiwan, China",2022-06,96.5
Tajikistan,2020-12,64.0
Tajikistan,2021-03,76.7
Tajikistan,2021-06,79.5
Tajikistan,2021-07,79.9
Tajikistan,2021-08,73.3
Tanzania,2020-07,60.7
Tanzania,2020-08,60.8
Tanzania,2020-11,71.3
Tanzania,2020-12,62.4
Tanzania,2021-01,62.7
Tanzania,2021-02,59.0
Tanzania,2021-03,58.6
Tanzania,2021-04,59.2
Tanzania,2021-05,57.2
Tanzania,2021-06,56.4
Tanzania,2021-07,60.9
Tanzania,2021-08,71.6
Tanzania,2021-09,73.0
Tanzania,2021-10,80.9
Tanzania,2021-11,79.1
Tanzania,2021-12,76.9
Tanzania,2022-01,75.3
Tanzania,2022-02,74.1
Tanzania,2022-03,72.4
Tanzania,2022-04,76.2
Thailand,2020-07,79.2
Thailand,2020-08,77.2
Thailand,2020-09,77.2
Thailand,2020-10,78.2
Thailand,2020-11,78.4
Thailand,2020-12,82.9
Thailand,2021-01,77.2
Thailand,2021-02,71.9
Thailand,2021-03,68.1
Thailand,2021-04,69.5
Thailand,2021-05,73.3
Thailand,2021-06,80.2
Thailand,2021-07,82.0
Thailand,2021-08,87.6
Thailand,2021-09,90.7
Thailand,2021-10,92.9
Thailand,2021-11,91.0
Thailand,2021-12,95.8
Thailand,2022-01,96.3
Thailand,2022-02,97.0
Thailand,2022-03,96.1
Thailand,2022-04,96.9
Thailand,2022-05,96.8
Thailand,2022-06,96.5
Timor-Leste,2021-01,71.1
Togo,2020-12,41.0
Togo,2021-01,57.3
Trinidad and Tobago,2020-07,48.8
Trinidad and Tobago,2020-08,49.2
Trinidad and Tobago,2020-11,40.7
Trinidad and Tobago,2020-12,63.1
Trinidad and Tobago,2021-01,59.8
Trinidad and Tobago,2021-10,88.8
Tunisia,2020-11,79.5
Tunisia,2020-12,43.7
Tunisia,2021-01,47.0
Tunisia,2021-02,41.9
Tunisia,2021-03,44.4
Tunisia,2021-04,67.5
Tunisia,2021-05,78.5
Tunisia,2021-06,85.0
Tunisia,2021-07,90.4
Tunisia,2021-08,93.9
Tunisia,2021-09,92.2
Tunisia,2021-10,94.6
Tunisia,2021-11,95.0
Tunisia,2021-12,94.7
Tunisia,2022-01,95.3
Tunisia,2022-02,94.9
Tunisia,2022-03,95.1
Tunisia,2022-04,94.9
Turkey,2020-05,66.0
Turkey,2020-07,55.5
Turkey,2020-08,56.4
Turkey,2020-09,54.8
Turkey,2020-10,50.9
Turkey,2020-11,50.3
Turkey,2020-12,52.9
Turkey,2021-01,60.8
Turkey,2021-02,67.9
Turkey,2021-03,70.3
Turkey,2021-04,67.9
Turkey,2021-05,80.3
Turkey,2021-06,83.4
Turkey,2021-07,86.9
Turkey,2021-08,89.1
Turkey,2021-09,90.9
Turkey,2021-10,91.6
Turkey,2021-11,91.8
Turkey,2021-12,91.9
Turkey,2022-01,92.0
Turkey,2022-02,91.0
Turkey,2022-03,90.7
Turkey,2022-04,91.0
Uganda,2020-07,62.6
Uganda,2020-08,64.1
Uganda,2020-09,53.6
Uganda,2020-11,73.2
Uganda,2020-12,75.0
Uganda,2021-01,72.6
Uganda,2021-02,76.8
Uganda,2021-03,79.0
Uganda,2021-04,63.1
Uganda,2021-05,82.6
Uganda,2021-06,88.2
Uganda,2021-07,80.6
Uganda,2021-08,88.6
Uganda,2021-09,87.4
Uganda,2021-10,92.6
Uganda,2021-11,83.0
Uganda,2021-12,98.0
Uganda,2022-01,78.6
Uganda,2022-02,75.6
Uganda,2022-03,73.3
Ukraine,2020-07,32.6
Ukraine,2020-08,34.0
Ukraine,2020-11,42.4
Ukraine,2020-12,52.5
Ukraine,2021-01,46.5
Ukraine,2021-02,46.5
Ukraine,2021-03,51.1
Ukraine,2021-04,56.6
Ukraine,2021-05,61.0
Ukraine,2021-06,65.0
Ukraine,2021-07,68.9
Ukraine,2021-08,72.0
Ukraine,2021-09,71.8
Ukraine,2021-10,74.1
Ukraine,2021-11,79.4
Ukraine,2021-12,81.0
Ukraine,2022-01,82.8
Ukraine,2022-02,80.6
Ukraine,2022-03,76.8
Ukraine,2022-04,77.1
Ukraine,2022-05,76.8
Ukraine,2022-06,76.2
United Arab Emirates,2020-07,68.0
United Arab Emirates,2020-08,66.2
United Arab Emirates,2020-09,42.7
United Arab Emirates,2020-10,68.0
United Arab Emirates,2020-11,65.4
United Arab Emirates,2020-12,63.3
United Arab Emirates,2021-01,71.8
United Arab Emirates,2021-02,81.9
United Arab Emirates,2021-03,85.3
United Arab Emirates,2021-04,88.9
United Arab Emirates,2021-05,91.3
United Arab Emirates,2021-06,94.4
United Arab Emirates,2021-07,94.8
United Arab Emirates,2021-08,95.4
United Arab Emirates,2021-09,95.7
United Arab Emirates,2021-10,96.1
United Arab Emirates,2021-11,96.9
United Arab Emirates,2021-12,97.4
United Arab Emirates,2022-01,97.7
United Arab Emirates,2022-02,97.1
United Arab Emirates,2022-03,96.5
United Arab Emirates,2022-04,97.5
United Kingdom,2020-04,79.0
United Kingdom,2020-05,83.0
United Kingdom,2020-06,71.5
United Kingdom,2020-07,68.6
United Kingdom,2020-08,77.8
United Kingdom,2020-09,68.0
United Kingdom,2020-10,72.8
United Kingdom,2020-11,68.1
United Kingdom,2020-12,76.7
United Kingdom,2021-01,86.0
United Kingdom,2021-02,88.9
United Kingdom,2021-03,90.9
United Kingdom,2021-04,83.7
United Kingdom,2021-05,92.3
United Kingdom,2021-06,92.5
United Kingdom,2021-07,93.1
United Kingdom,2021-08,91.4
United Kingdom,2021-09,92.6
United Kingdom,2021-10,92.9
United Kingdom,2021-11,92.9
United Kingdom,2021-12,93.5
United Kingdom,2022-01,92.0
United Kingdom,2022-02,92.6
United Kingdom,2022-03,91.9
United Kingdom,2022-04,91.0
United Kingdom,2022-05,92.7
United Kingdom,2022-06,92.6
United States of America,2020-04,57.6
United States of America,2020-05,70.6
United States of America,2020-06,75.4
United States of America,2020-07,51.2
United States of America,2020-08,54.8
United States of America,2020-09,46.1
United States of America,2020-10,51.1
United States of America,2020-11,56.0
United States of America,2020-12,52.3
United States of America,2021-01,59.8
United States of America,2021-02,63.9
United States of America,2021-03,66.9
United States of America,2021-04,63.1
United States of America,2021-05,68.1
United States of America,2021-06,70.0
United States of America,2021-07,70.0
United States of America,2021-08,71.0
United States of America,2021-09,71.7
United States of America,2021-10,71.8
United States of America,2021-11,73.5
United States of America,2021-12,72.0
Uruguay,2020-07,63.5
Uruguay,2020-08,59.5
Uruguay,2020-11,45.7
Uruguay,2020-12,65.1
Uruguay,2021-01,62.6
Uruguay,2021-02,68.0
Uruguay,2021-03,82.9
Uruguay,2021-04,89.3
Uruguay,2021-05,92.0
Uruguay,2021-06,91.9
Uruguay,2021-07,93.8
Uruguay,2021-08,94.0
Uruguay,2021-09,93.7
Uruguay,2021-10,94.3
Uruguay,2021-11,93.2
Uruguay,2021-12,91.4
Uruguay,2022-01,94.8
Uruguay,2022-02,93.5
Uruguay,2022-03,92.9
Uruguay,2022-04,93.5
Uruguay,2022-05,93.0
Uruguay,2022-06,93.9
Uzbekistan,2020-12,59.2
Uzbekistan,2021-01,46.3
Uzbekistan,2021-02,48.0
Uzbekistan,2021-03,55.9
Uzbekistan,2021-04,47.7
Uzbekistan,2021-05,49.9
Uzbekistan,2021-06,51.0
Uzbekistan,2021-07,58.7
Uzbekistan,2021-08,70.0
Uzbekistan,2021-09,70.1
Uzbekistan,2021-10,75.0
Uzbekistan,2021-11,76.3
Uzbekistan,2021-12,75.4
Uzbekistan,2022-01,77.3
Uzbekistan,2022-02,76.2
Uzbekistan,2022-03,74.4
Uzbekistan,2022-04,73.9
Venezuela,2020-07,79.5
Venezuela,2020-08,79.9
Venezuela,2020-11,55.9
Venezuela,2020-12,69.2
Venezuela,2021-01,69.4
Venezuela,2021-02,73.0
Venezuela,2021-03,79.6
Venezuela,2021-04,83.2
Venezuela,2021-05,85.1
Venezuela,2021-06,89.2
Venezuela,2021-07,90.5
Venezuela,2021-08,93.7
Venezuela,2021-09,94.9
Venezuela,2021-10,95.7
Venezuela,2021-11,95.0
Venezuela,2021-12,95.0
Venezuela,2022-01,94.5
Venezuela,2022-02,94.8
Venezuela,2022-03,93.6
Venezuela,2022-04,92.3
Viet Nam,2020-07,84.2
Viet Nam,2020-08,87.2
Viet Nam,2020-09,81.5
Viet Nam,2020-10,80.8
Viet Nam,2020-11,88.7
Viet Nam,2020-12,81.7
Viet Nam,2021-01,81.8
Viet Nam,2021-02,85.8
Viet Nam,2021-03,83.6
Viet Nam,2021-04,85.7
Viet Nam,2021-05,87.6
Viet Nam,2021-06,87.2
Viet Nam,2021-07,88.0
Viet Nam,2021-08,93.2
Viet Nam,2021-09,95.8
Viet Nam,2021-10,97.4
Viet Nam,2021-11,98.0
Viet Nam,2021-12,98.6
Viet Nam,2022-01,97.9
Viet Nam,2022-02,99.1
Viet Nam,2022-03,97.6
Viet Nam,2022-04,98.0
Viet Nam,2022-05,98.9
Viet Nam,2022-06,98.9
Virgin Islands (U.K.),2021-01,63.7
Virgin Islands (U.S.),2021-01,82.8
Virgin Islands (U.S.),2021-05,60.6
Western Sahara,2021-01,38.0
Yemen,2020-04,61.0
Yemen,2020-12,47.7
Yemen,2021-01,50.5
Yemen,2021-02,49.9
Yemen,2021-03,52.3
Yemen,2021-04,53.9
Yemen,2021-05,59.5
Yemen,2021-06,59.8
Yemen,2021-07,61.4
Yemen,2021-08,66.4
Yemen,2021-09,66.2
Yemen,2021-10,60.8
Yemen,2021-11,66.5
Yemen,2021-12,71.6
Yemen,2022-01,61.3
Yemen,2022-02,64.7
Yemen,2022-03,65.3
Yemen,2022-04,64.7
Zambia,2020-12,64.7
Zambia,2021-01,55.5
Zambia,2021-02,46.1
Zambia,2021-03,70.4
Zambia,2021-04,43.8
Zambia,2021-05,61.5
Zambia,2021-06,82.4
Zambia,2021-07,82.9
Zambia,2021-08,70.7
Zambia,2021-09,75.4
Zambia,2021-10,83.6
Zambia,2021-11,94.7
Zambia,2021-12,51.6
Zambia,2022-01,86.4
Zambia,2022-02,72.3
Zambia,2022-03,97.9
Zimbabwe,2020-11,73.0
Zimbabwe,2020-12,72.4
Zimbabwe,2021-01,63.9
Zimbabwe,2021-02,50.7
Zimbabwe,2021-03,62.2
Zimbabwe,2021-04,74.5
Zimbabwe,2021-05,60.9
Zimbabwe,2021-06,77.9
Zimbabwe,2021-07,75.7
Zimbabwe,2021-08,86.1
Zimbabwe,2021-09,81.6
Zimbabwe,2021-10,87.3
Zimbabwe,2021-11,87.1
Zimbabwe,2021-12,92.6
Zimbabwe,2022-01,83.2
Zimbabwe,2022-02,82.0
Zimbabwe,2022-03,75.3
Zimbabwe,2022-04,89.2
